http://i.imgur.com/puEqa4C.jpg,#908E9C,#928FA2,#92909E
http://i.imgur.com/puEqa4C.jpg,#908E9C,#928FA2,#92909E
http://i.imgur.com/qvnjbVw.jpg,#A9ACB5,#A8ABB4,#AAADB6
http://i.imgur.com/TKLs9lo.jpg,#FFFFFF,#FEFEFE,#F7F7F7
http://i.imgur.com/puEqa4C.jpg,#908E9C,#928FA2,#92909E
http://i.imgur.com/qvnjbVw.jpg,#A9ACB5,#A8ABB4,#AAADB6
http://i.imgur.com/TKLs9lo.jpg,#FFFFFF,#FEFEFE,#F7F7F7
http://i.imgur.com/puEqa4C.jpg,#908E9C,#928FA2,#92909E
http://i.imgur.com/tyDhTll.jpg,#070705,#050503,#060604
http://i.imgur.com/TKLs9lo.jpg,#FFFFFF,#FEFEFE,#F7F7F7
http://i.imgur.com/TKLs9lo.jpg,#FFFFFF,#FEFEFE,#F7F7F7
http://i.imgur.com/sXhEQez.jpg,#FFFFFF,#000000,#FEFEFE
http://i.imgur.com/sXhEQez.jpg,#FFFFFF,#000000,#FEFEFE
http://i.imgur.com/qvnjbVw.jpg,#A9ACB5,#A8ABB4,#AAADB6
http://i.imgur.com/sXhEQez.jpg,#FFFFFF,#000000,#FEFEFE
http://i.imgur.com/TKLs9lo.jpg,#FFFFFF,#FEFEFE,#F7F7F7
http://i.imgur.com/puEqa4C.jpg,#908E9C,#928FA2,#92909E
http://i.imgur.com/puEqa4C.jpg,#908E9C,#928FA2,#92909E
http://i.imgur.com/TKLs9lo.jpg,#FFFFFF,#FEFEFE,#F7F7F7
http://i.imgur.com/TKLs9lo.jpg,#FFFFFF,#FEFEFE,#F7F7F7
http://i.imgur.com/qvnjbVw.jpg,#A9ACB5,#A8ABB4,#AAADB6
http://i.imgur.com/qvnjbVw.jpg,#A9ACB5,#A8ABB4,#AAADB6
http://i.imgur.com/tyDhTll.jpg,#070705,#050503,#060604
http://i.imgur.com/tyDhTll.jpg,#070705,#050503,#060604
http://i.imgur.com/tyDhTll.jpg,#070705,#050503,#060604
http://i.imgur.com/sXhEQez.jpg,#FFFFFF,#000000,#FEFEFE
http://i.imgur.com/tyDhTll.jpg,#070705,#050503,#060604
http://i.imgur.com/tyDhTll.jpg,#070705,#050503,#060604
http://i.imgur.com/sXhEQez.jpg,#FFFFFF,#000000,#FEFEFE
http://i.imgur.com/lcEUZHv.jpg,#FFFFFF,#C6BCBF,#444A5A
http://i.imgur.com/lcEUZHv.jpg,#FFFFFF,#C6BCBF,#444A5A
https://i.redd.it/nrafqoujmety.jpg,#000000,#000000,#000000
http://i.imgur.com/sXhEQez.jpg,#FFFFFF,#000000,#FEFEFE
http://i.imgur.com/qvnjbVw.jpg,#A9ACB5,#A8ABB4,#AAADB6
http://i.imgur.com/sXhEQez.jpg,#FFFFFF,#000000,#FEFEFE
https://i.redd.it/nrafqoujmety.jpg,#000000,#000000,#000000
http://i.imgur.com/puEqa4C.jpg,#908E9C,#928FA2,#92909E
http://i.imgur.com/lcEUZHv.jpg,#FFFFFF,#C6BCBF,#444A5A
http://i.imgur.com/tyDhTll.jpg,#070705,#050503,#060604
https://i.redd.it/nrafqoujmety.jpg,#000000,#000000,#000000
http://i.imgur.com/6pnYQUv.jpg,#181A1D,#191B1E,#17191C
http://i.imgur.com/lcEUZHv.jpg,#FFFFFF,#C6BCBF,#444A5A
http://i.imgur.com/6pnYQUv.jpg,#181A1D,#191B1E,#17191C
http://i.imgur.com/6pnYQUv.jpg,#181A1D,#191B1E,#17191C
https://i.redd.it/nrafqoujmety.jpg,#000000,#000000,#000000
https://i.redd.it/nrafqoujmety.jpg,#000000,#000000,#000000
https://i.redd.it/nrafqoujmety.jpg,#000000,#000000,#000000
https://i.redd.it/c5pk0vnpg3ty.jpg,#6E81CD,#6E81CE,#FEFEFE
https://i.redd.it/nrafqoujmety.jpg,#000000,#000000,#000000
http://i.imgur.com/6pnYQUv.jpg,#181A1D,#191B1E,#17191C
http://i.imgur.com/qvnjbVw.jpg,#A9ACB5,#A8ABB4,#AAADB6
http://i.imgur.com/lcEUZHv.jpg,#FFFFFF,#C6BCBF,#444A5A
http://i.imgur.com/6pnYQUv.jpg,#181A1D,#191B1E,#17191C
https://i.redd.it/fsuv32a1cc9y.jpg,#FFFFFF,#FEFEFE,#FDFDFD
http://i.imgur.com/lcEUZHv.jpg,#FFFFFF,#C6BCBF,#444A5A
http://i.imgur.com/6pnYQUv.jpg,#181A1D,#191B1E,#17191C
https://i.redd.it/c5pk0vnpg3ty.jpg,#6E81CD,#6E81CE,#FEFEFE
http://i.imgur.com/lcEUZHv.jpg,#FFFFFF,#C6BCBF,#444A5A
https://i.redd.it/h5t3qddvvzry.jpg,#0E0E0E,#0D0D0D,#020202
https://i.redd.it/ihczg3pmle3z.jpg,#B0B9A8,#AFB8A7,#A3AC9B
https://i.redd.it/c5pk0vnpg3ty.jpg,#6E81CD,#6E81CE,#FEFEFE
https://i.redd.it/1nlgrn49x7ry.jpg,#0F0F0F,#101010,#13100D
https://i.redd.it/ihczg3pmle3z.jpg,#B0B9A8,#AFB8A7,#A3AC9B
https://i.redd.it/1nlgrn49x7ry.jpg,#0F0F0F,#101010,#13100D
https://i.redd.it/fsuv32a1cc9y.jpg,#FFFFFF,#FEFEFE,#FDFDFD
https://i.redd.it/ihczg3pmle3z.jpg,#B0B9A8,#AFB8A7,#A3AC9B
https://i.redd.it/ihczg3pmle3z.jpg,#B0B9A8,#AFB8A7,#A3AC9B
https://i.redd.it/ihczg3pmle3z.jpg,#B0B9A8,#AFB8A7,#A3AC9B
http://i.imgur.com/FApqk3D.jpg,#FFFFFF,#000000,#F3C300
https://i.redd.it/fsuv32a1cc9y.jpg,#FFFFFF,#FEFEFE,#FDFDFD
https://i.redd.it/h5t3qddvvzry.jpg,#0E0E0E,#0D0D0D,#020202
https://i.redd.it/4m5yk8gjrtzy.jpg,#010101,#020001,#030001
https://i.redd.it/1nlgrn49x7ry.jpg,#0F0F0F,#101010,#13100D
http://i.imgur.com/TKLs9lo.jpg,#FFFFFF,#FEFEFE,#F7F7F7
https://i.redd.it/ax4eueu0szpy.jpg,#222739,#BCBAC9,#BCBAC7
https://i.redd.it/nrafqoujmety.jpg,#000000,#000000,#000000
https://i.redd.it/1nlgrn49x7ry.jpg,#0F0F0F,#101010,#13100D
http://i.imgur.com/RycdbMO.jpg,#D6CAC0,#F2F9FF,#D2C6BC
https://i.redd.it/fsuv32a1cc9y.jpg,#FFFFFF,#FEFEFE,#FDFDFD
https://i.redd.it/fsuv32a1cc9y.jpg,#FFFFFF,#FEFEFE,#FDFDFD
https://i.redd.it/h5t3qddvvzry.jpg,#0E0E0E,#0D0D0D,#020202
https://i.redd.it/c5pk0vnpg3ty.jpg,#6E81CD,#6E81CE,#FEFEFE
https://i.redd.it/4m5yk8gjrtzy.jpg,#010101,#020001,#030001
https://i.redd.it/ihczg3pmle3z.jpg,#B0B9A8,#AFB8A7,#A3AC9B
http://i.imgur.com/FApqk3D.jpg,#FFFFFF,#000000,#F3C300
https://i.redd.it/c5pk0vnpg3ty.jpg,#6E81CD,#6E81CE,#FEFEFE
http://i.imgur.com/FApqk3D.jpg,#FFFFFF,#000000,#F3C300
https://i.redd.it/s5viyluv421z.jpg,#F5EEDD,#F6EFDE,#7A522F
https://i.redd.it/fsuv32a1cc9y.jpg,#FFFFFF,#FEFEFE,#FDFDFD
http://i.imgur.com/pt9rmrv.jpg,#FFFFFF,#FCEBDB,#FBEADA
https://i.redd.it/ihczg3pmle3z.jpg,#B0B9A8,#AFB8A7,#A3AC9B
http://i.imgur.com/RycdbMO.jpg,#D6CAC0,#F2F9FF,#D2C6BC
https://i.redd.it/4m5yk8gjrtzy.jpg,#010101,#020001,#030001
https://i.redd.it/h5t3qddvvzry.jpg,#0E0E0E,#0D0D0D,#020202
http://i.imgur.com/pt9rmrv.jpg,#FFFFFF,#FCEBDB,#FBEADA
http://i.imgur.com/6pnYQUv.jpg,#181A1D,#191B1E,#17191C
http://i.imgur.com/FApqk3D.jpg,#FFFFFF,#000000,#F3C300
http://i.imgur.com/RycdbMO.jpg,#D6CAC0,#F2F9FF,#D2C6BC
http://i.imgur.com/pt9rmrv.jpg,#FFFFFF,#FCEBDB,#FBEADA
https://i.redd.it/4m5yk8gjrtzy.jpg,#010101,#020001,#030001
https://i.redd.it/s5viyluv421z.jpg,#F5EEDD,#F6EFDE,#7A522F
https://i.redd.it/1nlgrn49x7ry.jpg,#0F0F0F,#101010,#13100D
https://i.redd.it/4m5yk8gjrtzy.jpg,#010101,#020001,#030001
https://i.redd.it/c5pk0vnpg3ty.jpg,#6E81CD,#6E81CE,#FEFEFE
https://i.redd.it/h5t3qddvvzry.jpg,#0E0E0E,#0D0D0D,#020202
https://i.redd.it/1nlgrn49x7ry.jpg,#0F0F0F,#101010,#13100D
https://i.redd.it/1nlgrn49x7ry.jpg,#0F0F0F,#101010,#13100D
https://i.redd.it/cpkq97klre4z.jpg,#777868,#767767,#B4B4A4
http://i.imgur.com/FApqk3D.jpg,#FFFFFF,#000000,#F3C300
https://i.redd.it/cpkq97klre4z.jpg,#777868,#767767,#B4B4A4
https://i.redd.it/c5pk0vnpg3ty.jpg,#6E81CD,#6E81CE,#FEFEFE
http://i.imgur.com/FApqk3D.jpg,#FFFFFF,#000000,#F3C300
https://i.redd.it/4m5yk8gjrtzy.jpg,#010101,#020001,#030001
https://i.redd.it/ru12lvaf7jyy.jpg,#9D9997,#9C9896,#9E9A98
https://i.redd.it/1nlgrn49x7ry.jpg,#0F0F0F,#101010,#13100D
https://i.redd.it/cpkq97klre4z.jpg,#777868,#767767,#B4B4A4
https://i.redd.it/s5viyluv421z.jpg,#F5EEDD,#F6EFDE,#7A522F
https://i.redd.it/fsuv32a1cc9y.jpg,#FFFFFF,#FEFEFE,#FDFDFD
https://i.redd.it/4m5yk8gjrtzy.jpg,#010101,#020001,#030001
https://i.redd.it/cpkq97klre4z.jpg,#777868,#767767,#B4B4A4
http://i.imgur.com/puEqa4C.jpg,#908E9C,#928FA2,#92909E
https://i.redd.it/s5viyluv421z.jpg,#F5EEDD,#F6EFDE,#7A522F
https://i.redd.it/s5viyluv421z.jpg,#F5EEDD,#F6EFDE,#7A522F
http://i.imgur.com/sXhEQez.jpg,#FFFFFF,#000000,#FEFEFE
https://i.redd.it/ru12lvaf7jyy.jpg,#9D9997,#9C9896,#9E9A98
https://i.redd.it/h5t3qddvvzry.jpg,#0E0E0E,#0D0D0D,#020202
https://i.redd.it/cpkq97klre4z.jpg,#777868,#767767,#B4B4A4
https://i.redd.it/nrafqoujmety.jpg,#000000,#000000,#000000
https://i.redd.it/4m5yk8gjrtzy.jpg,#010101,#020001,#030001
http://i.imgur.com/qvnjbVw.jpg,#A9ACB5,#A8ABB4,#AAADB6
https://i.redd.it/h5t3qddvvzry.jpg,#0E0E0E,#0D0D0D,#020202
https://i.redd.it/fsuv32a1cc9y.jpg,#FFFFFF,#FEFEFE,#FDFDFD
http://i.imgur.com/FApqk3D.jpg,#FFFFFF,#000000,#F3C300
https://i.redd.it/s5viyluv421z.jpg,#F5EEDD,#F6EFDE,#7A522F
https://i.redd.it/s5viyluv421z.jpg,#F5EEDD,#F6EFDE,#7A522F
http://i.imgur.com/pt9rmrv.jpg,#FFFFFF,#FCEBDB,#FBEADA
http://i.imgur.com/RycdbMO.jpg,#D6CAC0,#F2F9FF,#D2C6BC
https://i.redd.it/h5t3qddvvzry.jpg,#0E0E0E,#0D0D0D,#020202
http://i.imgur.com/RycdbMO.jpg,#D6CAC0,#F2F9FF,#D2C6BC
https://i.redd.it/cwljeujku33z.jpg,#E9E6DF,#E4E1DC,#EAE5DE
https://i.redd.it/cpkq97klre4z.jpg,#777868,#767767,#B4B4A4
http://i.imgur.com/RycdbMO.jpg,#D6CAC0,#F2F9FF,#D2C6BC
https://i.redd.it/ax4eueu0szpy.jpg,#222739,#BCBAC9,#BCBAC7
http://i.imgur.com/puEqa4C.jpg,#908E9C,#928FA2,#92909E
https://i.redd.it/n9jq5j2tatcy.jpg,#F3FFFF,#F4FFFF,#F3FFFD
https://i.redd.it/ru12lvaf7jyy.jpg,#9D9997,#9C9896,#9E9A98
https://i.redd.it/ax4eueu0szpy.jpg,#222739,#BCBAC9,#BCBAC7
https://i.redd.it/tb5pckm6e72y.jpg,#B8B6AB,#A0A19D,#A1A29E
http://i.imgur.com/lcEUZHv.jpg,#FFFFFF,#C6BCBF,#444A5A
https://i.redd.it/ihczg3pmle3z.jpg,#B0B9A8,#AFB8A7,#A3AC9B
https://i.redd.it/c5pk0vnpg3ty.jpg,#6E81CD,#6E81CE,#FEFEFE
https://i.redd.it/tb5pckm6e72y.jpg,#B8B6AB,#A0A19D,#A1A29E
https://i.redd.it/cpkq97klre4z.jpg,#777868,#767767,#B4B4A4
http://i.imgur.com/tyDhTll.jpg,#070705,#050503,#060604
https://i.redd.it/n9jq5j2tatcy.jpg,#F3FFFF,#F4FFFF,#F3FFFD
https://i.redd.it/s5viyluv421z.jpg,#F5EEDD,#F6EFDE,#7A522F
https://i.redd.it/1nlgrn49x7ry.jpg,#0F0F0F,#101010,#13100D
https://i.redd.it/tb5pckm6e72y.jpg,#B8B6AB,#A0A19D,#A1A29E
https://i.redd.it/ax4eueu0szpy.jpg,#222739,#BCBAC9,#BCBAC7
http://i.imgur.com/TKLs9lo.jpg,#FFFFFF,#FEFEFE,#F7F7F7
http://i.imgur.com/RycdbMO.jpg,#D6CAC0,#F2F9FF,#D2C6BC
https://i.redd.it/nrafqoujmety.jpg,#000000,#000000,#000000
https://i.redd.it/fyqzavufvjwy.jpg,#DDB083,#FEFEFE,#DBAE81
https://i.redd.it/n9jq5j2tatcy.jpg,#F3FFFF,#F4FFFF,#F3FFFD
https://i.redd.it/tb5pckm6e72y.jpg,#B8B6AB,#A0A19D,#A1A29E
https://i.redd.it/tb5pckm6e72y.jpg,#B8B6AB,#A0A19D,#A1A29E
https://i.redd.it/fyqzavufvjwy.jpg,#DDB083,#FEFEFE,#DBAE81
https://i.redd.it/n9jq5j2tatcy.jpg,#F3FFFF,#F4FFFF,#F3FFFD
https://i.redd.it/h5t3qddvvzry.jpg,#0E0E0E,#0D0D0D,#020202
https://i.redd.it/ru12lvaf7jyy.jpg,#9D9997,#9C9896,#9E9A98
http://i.imgur.com/puEqa4C.jpg,#908E9C,#928FA2,#92909E
https://i.redd.it/ru12lvaf7jyy.jpg,#9D9997,#9C9896,#9E9A98
https://i.redd.it/ru12lvaf7jyy.jpg,#9D9997,#9C9896,#9E9A98
https://i.redd.it/ax4eueu0szpy.jpg,#222739,#BCBAC9,#BCBAC7
https://i.redd.it/fyqzavufvjwy.jpg,#DDB083,#FEFEFE,#DBAE81
https://i.redd.it/fyqzavufvjwy.jpg,#DDB083,#FEFEFE,#DBAE81
https://i.redd.it/ru12lvaf7jyy.jpg,#9D9997,#9C9896,#9E9A98
https://i.redd.it/fyqzavufvjwy.jpg,#DDB083,#FEFEFE,#DBAE81
https://i.redd.it/ax4eueu0szpy.jpg,#222739,#BCBAC9,#BCBAC7
https://i.redd.it/n9jq5j2tatcy.jpg,#F3FFFF,#F4FFFF,#F3FFFD
http://i.imgur.com/tyDhTll.jpg,#070705,#050503,#060604
http://i.imgur.com/pt9rmrv.jpg,#FFFFFF,#FCEBDB,#FBEADA
https://i.redd.it/ihczg3pmle3z.jpg,#B0B9A8,#AFB8A7,#A3AC9B
https://i.redd.it/c5pk0vnpg3ty.jpg,#6E81CD,#6E81CE,#FEFEFE
https://i.redd.it/tb5pckm6e72y.jpg,#B8B6AB,#A0A19D,#A1A29E
http://i.imgur.com/TKLs9lo.jpg,#FFFFFF,#FEFEFE,#F7F7F7
https://i.redd.it/fsuv32a1cc9y.jpg,#FFFFFF,#FEFEFE,#FDFDFD
https://i.redd.it/ru12lvaf7jyy.jpg,#9D9997,#9C9896,#9E9A98
https://i.redd.it/h5t3qddvvzry.jpg,#0E0E0E,#0D0D0D,#020202
http://i.imgur.com/qvnjbVw.jpg,#A9ACB5,#A8ABB4,#AAADB6
https://i.redd.it/cpkq97klre4z.jpg,#777868,#767767,#B4B4A4
https://i.redd.it/1nlgrn49x7ry.jpg,#0F0F0F,#101010,#13100D
https://i.redd.it/ax4eueu0szpy.jpg,#222739,#BCBAC9,#BCBAC7
http://i.imgur.com/pt9rmrv.jpg,#FFFFFF,#FCEBDB,#FBEADA
https://i.redd.it/rubsfuf64lvy.jpg,#BBB4A2,#BCB5A3,#BAB3A1
https://i.redd.it/n9jq5j2tatcy.jpg,#F3FFFF,#F4FFFF,#F3FFFD
http://i.imgur.com/pt9rmrv.jpg,#FFFFFF,#FCEBDB,#FBEADA
https://i.redd.it/tb5pckm6e72y.jpg,#B8B6AB,#A0A19D,#A1A29E
http://i.imgur.com/6pnYQUv.jpg,#181A1D,#191B1E,#17191C
https://i.redd.it/n9jq5j2tatcy.jpg,#F3FFFF,#F4FFFF,#F3FFFD
https://i.redd.it/fsuv32a1cc9y.jpg,#FFFFFF,#FEFEFE,#FDFDFD
https://i.redd.it/fyqzavufvjwy.jpg,#DDB083,#FEFEFE,#DBAE81
https://i.redd.it/rubsfuf64lvy.jpg,#BBB4A2,#BCB5A3,#BAB3A1
https://i.redd.it/s5viyluv421z.jpg,#F5EEDD,#F6EFDE,#7A522F
https://i.redd.it/rubsfuf64lvy.jpg,#BBB4A2,#BCB5A3,#BAB3A1
http://i.imgur.com/sXhEQez.jpg,#FFFFFF,#000000,#FEFEFE
https://i.redd.it/4m5yk8gjrtzy.jpg,#010101,#020001,#030001
https://i.redd.it/rubsfuf64lvy.jpg,#BBB4A2,#BCB5A3,#BAB3A1
https://i.redd.it/ihczg3pmle3z.jpg,#B0B9A8,#AFB8A7,#A3AC9B
https://i.redd.it/nrafqoujmety.jpg,#000000,#000000,#000000
https://i.redd.it/rubsfuf64lvy.jpg,#BBB4A2,#BCB5A3,#BAB3A1
http://i.imgur.com/tyDhTll.jpg,#070705,#050503,#060604
https://i.redd.it/tb5pckm6e72y.jpg,#B8B6AB,#A0A19D,#A1A29E
https://i.redd.it/rubsfuf64lvy.jpg,#BBB4A2,#BCB5A3,#BAB3A1
http://i.imgur.com/FApqk3D.jpg,#FFFFFF,#000000,#F3C300
http://i.imgur.com/lcEUZHv.jpg,#FFFFFF,#C6BCBF,#444A5A
http://i.imgur.com/puEqa4C.jpg,#908E9C,#928FA2,#92909E
https://i.redd.it/n9jq5j2tatcy.jpg,#F3FFFF,#F4FFFF,#F3FFFD
http://i.imgur.com/TKLs9lo.jpg,#FFFFFF,#FEFEFE,#F7F7F7
http://i.imgur.com/qvnjbVw.jpg,#A9ACB5,#A8ABB4,#AAADB6
https://i.redd.it/cpkq97klre4z.jpg,#777868,#767767,#B4B4A4
https://i.redd.it/s5viyluv421z.jpg,#F5EEDD,#F6EFDE,#7A522F
https://i.redd.it/rubsfuf64lvy.jpg,#BBB4A2,#BCB5A3,#BAB3A1
https://i.redd.it/c5pk0vnpg3ty.jpg,#6E81CD,#6E81CE,#FEFEFE
http://i.imgur.com/sXhEQez.jpg,#FFFFFF,#000000,#FEFEFE
https://i.redd.it/fyqzavufvjwy.jpg,#DDB083,#FEFEFE,#DBAE81
http://i.imgur.com/sXhEQez.jpg,#FFFFFF,#000000,#FEFEFE
https://i.redd.it/cwljeujku33z.jpg,#E9E6DF,#E4E1DC,#EAE5DE
https://i.redd.it/cwljeujku33z.jpg,#E9E6DF,#E4E1DC,#EAE5DE
https://i.redd.it/rubsfuf64lvy.jpg,#BBB4A2,#BCB5A3,#BAB3A1
https://i.redd.it/fyqzavufvjwy.jpg,#DDB083,#FEFEFE,#DBAE81
https://i.redd.it/ihczg3pmle3z.jpg,#B0B9A8,#AFB8A7,#A3AC9B
https://i.redd.it/1nlgrn49x7ry.jpg,#0F0F0F,#101010,#13100D
https://i.redd.it/cpkq97klre4z.jpg,#777868,#767767,#B4B4A4
https://i.redd.it/ax4eueu0szpy.jpg,#222739,#BCBAC9,#BCBAC7
https://i.redd.it/ru12lvaf7jyy.jpg,#9D9997,#9C9896,#9E9A98
https://i.redd.it/cwljeujku33z.jpg,#E9E6DF,#E4E1DC,#EAE5DE
https://i.redd.it/4m5yk8gjrtzy.jpg,#010101,#020001,#030001
http://i.imgur.com/qvnjbVw.jpg,#A9ACB5,#A8ABB4,#AAADB6
https://i.redd.it/nrafqoujmety.jpg,#000000,#000000,#000000
http://i.imgur.com/6pnYQUv.jpg,#181A1D,#191B1E,#17191C
https://i.redd.it/cwljeujku33z.jpg,#E9E6DF,#E4E1DC,#EAE5DE
https://i.redd.it/w5q6gldnvcuy.jpg,#F3F3F3,#19161D,#18151C
https://i.redd.it/w5q6gldnvcuy.jpg,#F3F3F3,#19161D,#18151C
https://i.redd.it/ax4eueu0szpy.jpg,#222739,#BCBAC9,#BCBAC7
https://i.redd.it/c5pk0vnpg3ty.jpg,#6E81CD,#6E81CE,#FEFEFE
https://i.redd.it/cwljeujku33z.jpg,#E9E6DF,#E4E1DC,#EAE5DE
https://i.redd.it/rubsfuf64lvy.jpg,#BBB4A2,#BCB5A3,#BAB3A1
https://i.redd.it/4m5yk8gjrtzy.jpg,#010101,#020001,#030001
https://i.redd.it/w5q6gldnvcuy.jpg,#F3F3F3,#19161D,#18151C
https://i.redd.it/cwljeujku33z.jpg,#E9E6DF,#E4E1DC,#EAE5DE
https://i.redd.it/n9jq5j2tatcy.jpg,#F3FFFF,#F4FFFF,#F3FFFD
https://i.redd.it/fsuv32a1cc9y.jpg,#FFFFFF,#FEFEFE,#FDFDFD
https://i.redd.it/n9jq5j2tatcy.jpg,#F3FFFF,#F4FFFF,#F3FFFD
https://i.redd.it/1nlgrn49x7ry.jpg,#0F0F0F,#101010,#13100D
https://i.redd.it/cwljeujku33z.jpg,#E9E6DF,#E4E1DC,#EAE5DE
http://i.imgur.com/RycdbMO.jpg,#D6CAC0,#F2F9FF,#D2C6BC
https://i.redd.it/w5q6gldnvcuy.jpg,#F3F3F3,#19161D,#18151C
https://i.redd.it/fsuv32a1cc9y.jpg,#FFFFFF,#FEFEFE,#FDFDFD
https://i.redd.it/w5q6gldnvcuy.jpg,#F3F3F3,#19161D,#18151C
http://i.imgur.com/tyDhTll.jpg,#070705,#050503,#060604
https://i.redd.it/w5q6gldnvcuy.jpg,#F3F3F3,#19161D,#18151C
https://i.redd.it/w5q6gldnvcuy.jpg,#F3F3F3,#19161D,#18151C
http://i.imgur.com/lcEUZHv.jpg,#FFFFFF,#C6BCBF,#444A5A
https://i.redd.it/s5viyluv421z.jpg,#F5EEDD,#F6EFDE,#7A522F
http://i.imgur.com/TKLs9lo.jpg,#FFFFFF,#FEFEFE,#F7F7F7
http://i.imgur.com/tyDhTll.jpg,#070705,#050503,#060604
https://i.redd.it/ax4eueu0szpy.jpg,#222739,#BCBAC9,#BCBAC7
https://i.redd.it/tb5pckm6e72y.jpg,#B8B6AB,#A0A19D,#A1A29E
https://i.redd.it/4m5yk8gjrtzy.jpg,#010101,#020001,#030001
http://i.imgur.com/sXhEQez.jpg,#FFFFFF,#000000,#FEFEFE
https://i.redd.it/h5t3qddvvzry.jpg,#0E0E0E,#0D0D0D,#020202
http://i.imgur.com/qvnjbVw.jpg,#A9ACB5,#A8ABB4,#AAADB6
http://i.imgur.com/lcEUZHv.jpg,#FFFFFF,#C6BCBF,#444A5A
https://i.redd.it/ru12lvaf7jyy.jpg,#9D9997,#9C9896,#9E9A98
https://i.redd.it/h5t3qddvvzry.jpg,#0E0E0E,#0D0D0D,#020202
http://i.imgur.com/puEqa4C.jpg,#908E9C,#928FA2,#92909E
http://i.imgur.com/6pnYQUv.jpg,#181A1D,#191B1E,#17191C
https://i.redd.it/c5pk0vnpg3ty.jpg,#6E81CD,#6E81CE,#FEFEFE
https://i.redd.it/xae65ypfqycy.jpg,#F4F4F4,#C83A2E,#C24541
http://i.imgur.com/sXhEQez.jpg,#FFFFFF,#000000,#FEFEFE
https://i.redd.it/tb5pckm6e72y.jpg,#B8B6AB,#A0A19D,#A1A29E
https://i.redd.it/rubsfuf64lvy.jpg,#BBB4A2,#BCB5A3,#BAB3A1
https://i.redd.it/w5q6gldnvcuy.jpg,#F3F3F3,#19161D,#18151C
https://i.redd.it/nrafqoujmety.jpg,#000000,#000000,#000000
https://i.redd.it/ihczg3pmle3z.jpg,#B0B9A8,#AFB8A7,#A3AC9B
https://i.redd.it/xae65ypfqycy.jpg,#F4F4F4,#C83A2E,#C24541
http://i.imgur.com/TKLs9lo.jpg,#FFFFFF,#FEFEFE,#F7F7F7
http://i.imgur.com/6pnYQUv.jpg,#181A1D,#191B1E,#17191C
https://i.redd.it/n9jq5j2tatcy.jpg,#F3FFFF,#F4FFFF,#F3FFFD
https://i.redd.it/fyqzavufvjwy.jpg,#DDB083,#FEFEFE,#DBAE81
https://i.redd.it/cpkq97klre4z.jpg,#777868,#767767,#B4B4A4
https://i.redd.it/xae65ypfqycy.jpg,#F4F4F4,#C83A2E,#C24541
http://i.imgur.com/FApqk3D.jpg,#FFFFFF,#000000,#F3C300
https://i.redd.it/fsuv32a1cc9y.jpg,#FFFFFF,#FEFEFE,#FDFDFD
http://i.imgur.com/puEqa4C.jpg,#908E9C,#928FA2,#92909E
http://i.imgur.com/RycdbMO.jpg,#D6CAC0,#F2F9FF,#D2C6BC
https://i.redd.it/h5t3qddvvzry.jpg,#0E0E0E,#0D0D0D,#020202
http://i.imgur.com/tyDhTll.jpg,#070705,#050503,#060604
https://i.redd.it/fyqzavufvjwy.jpg,#DDB083,#FEFEFE,#DBAE81
https://i.redd.it/ru12lvaf7jyy.jpg,#9D9997,#9C9896,#9E9A98
https://i.redd.it/xae65ypfqycy.jpg,#F4F4F4,#C83A2E,#C24541
https://i.redd.it/ihczg3pmle3z.jpg,#B0B9A8,#AFB8A7,#A3AC9B
https://i.redd.it/cwljeujku33z.jpg,#E9E6DF,#E4E1DC,#EAE5DE
https://i.redd.it/cpkq97klre4z.jpg,#777868,#767767,#B4B4A4
https://i.redd.it/guul6eld2soy.jpg,#6B7B94,#6D7D96,#807967
http://i.imgur.com/lcEUZHv.jpg,#FFFFFF,#C6BCBF,#444A5A
https://i.redd.it/xae65ypfqycy.jpg,#F4F4F4,#C83A2E,#C24541
https://i.redd.it/ax4eueu0szpy.jpg,#222739,#BCBAC9,#BCBAC7
https://i.redd.it/xae65ypfqycy.jpg,#F4F4F4,#C83A2E,#C24541
https://i.redd.it/1nlgrn49x7ry.jpg,#0F0F0F,#101010,#13100D
https://i.redd.it/tb5pckm6e72y.jpg,#B8B6AB,#A0A19D,#A1A29E
https://i.redd.it/guul6eld2soy.jpg,#6B7B94,#6D7D96,#807967
https://i.redd.it/guul6eld2soy.jpg,#6B7B94,#6D7D96,#807967
https://i.redd.it/fyqzavufvjwy.jpg,#DDB083,#FEFEFE,#DBAE81
https://i.redd.it/s5viyluv421z.jpg,#F5EEDD,#F6EFDE,#7A522F
https://i.redd.it/s5viyluv421z.jpg,#F5EEDD,#F6EFDE,#7A522F
http://i.imgur.com/RycdbMO.jpg,#D6CAC0,#F2F9FF,#D2C6BC
https://i.redd.it/xae65ypfqycy.jpg,#F4F4F4,#C83A2E,#C24541
http://i.imgur.com/TKLs9lo.jpg,#FFFFFF,#FEFEFE,#F7F7F7
https://i.redd.it/cwljeujku33z.jpg,#E9E6DF,#E4E1DC,#EAE5DE
http://i.imgur.com/pt9rmrv.jpg,#FFFFFF,#FCEBDB,#FBEADA
https://i.redd.it/fsuv32a1cc9y.jpg,#FFFFFF,#FEFEFE,#FDFDFD
http://i.imgur.com/pt9rmrv.jpg,#FFFFFF,#FCEBDB,#FBEADA
https://i.redd.it/ru12lvaf7jyy.jpg,#9D9997,#9C9896,#9E9A98
https://i.redd.it/xae65ypfqycy.jpg,#F4F4F4,#C83A2E,#C24541
https://i.redd.it/n9jq5j2tatcy.jpg,#F3FFFF,#F4FFFF,#F3FFFD
https://i.redd.it/c5pk0vnpg3ty.jpg,#6E81CD,#6E81CE,#FEFEFE
https://i.redd.it/guul6eld2soy.jpg,#6B7B94,#6D7D96,#807967
https://i.redd.it/guul6eld2soy.jpg,#6B7B94,#6D7D96,#807967
https://i.redd.it/cwljeujku33z.jpg,#E9E6DF,#E4E1DC,#EAE5DE
https://i.redd.it/guul6eld2soy.jpg,#6B7B94,#6D7D96,#807967
http://i.imgur.com/FApqk3D.jpg,#FFFFFF,#000000,#F3C300
https://i.redd.it/w5q6gldnvcuy.jpg,#F3F3F3,#19161D,#18151C
https://i.redd.it/nrafqoujmety.jpg,#000000,#000000,#000000
https://i.redd.it/4m5yk8gjrtzy.jpg,#010101,#020001,#030001
http://i.imgur.com/sXhEQez.jpg,#FFFFFF,#000000,#FEFEFE
http://i.imgur.com/lcEUZHv.jpg,#FFFFFF,#C6BCBF,#444A5A
https://i.redd.it/tb5pckm6e72y.jpg,#B8B6AB,#A0A19D,#A1A29E
https://i.redd.it/rubsfuf64lvy.jpg,#BBB4A2,#BCB5A3,#BAB3A1
https://i.redd.it/fyqzavufvjwy.jpg,#DDB083,#FEFEFE,#DBAE81
http://i.imgur.com/qvnjbVw.jpg,#A9ACB5,#A8ABB4,#AAADB6
http://i.imgur.com/puEqa4C.jpg,#908E9C,#928FA2,#92909E
http://i.imgur.com/FApqk3D.jpg,#FFFFFF,#000000,#F3C300
http://i.imgur.com/6pnYQUv.jpg,#181A1D,#191B1E,#17191C
https://i.redd.it/ax4eueu0szpy.jpg,#222739,#BCBAC9,#BCBAC7
https://i.redd.it/1nlgrn49x7ry.jpg,#0F0F0F,#101010,#13100D
https://i.redd.it/h5t3qddvvzry.jpg,#0E0E0E,#0D0D0D,#020202
https://i.redd.it/xae65ypfqycy.jpg,#F4F4F4,#C83A2E,#C24541
https://i.redd.it/guul6eld2soy.jpg,#6B7B94,#6D7D96,#807967
http://i.imgur.com/FApqk3D.jpg,#FFFFFF,#000000,#F3C300
https://i.redd.it/w5q6gldnvcuy.jpg,#F3F3F3,#19161D,#18151C
https://i.redd.it/c5pk0vnpg3ty.jpg,#6E81CD,#6E81CE,#FEFEFE
https://i.redd.it/guul6eld2soy.jpg,#6B7B94,#6D7D96,#807967
https://i.redd.it/cpkq97klre4z.jpg,#777868,#767767,#B4B4A4
https://i.redd.it/ihczg3pmle3z.jpg,#B0B9A8,#AFB8A7,#A3AC9B
https://i.imgur.com/HRgRMOw.jpg,#A4A3A8,#408A59,#40895A
http://i.imgur.com/RycdbMO.jpg,#D6CAC0,#F2F9FF,#D2C6BC
https://i.redd.it/s5viyluv421z.jpg,#F5EEDD,#F6EFDE,#7A522F
https://i.redd.it/n9jq5j2tatcy.jpg,#F3FFFF,#F4FFFF,#F3FFFD
http://i.imgur.com/FApqk3D.jpg,#FFFFFF,#000000,#F3C300
https://i.redd.it/ru12lvaf7jyy.jpg,#9D9997,#9C9896,#9E9A98
https://i.redd.it/w5q6gldnvcuy.jpg,#F3F3F3,#19161D,#18151C
http://i.imgur.com/pt9rmrv.jpg,#FFFFFF,#FCEBDB,#FBEADA
http://i.imgur.com/6pnYQUv.jpg,#181A1D,#191B1E,#17191C
http://i.imgur.com/pt9rmrv.jpg,#FFFFFF,#FCEBDB,#FBEADA
http://i.imgur.com/TKLs9lo.jpg,#FFFFFF,#FEFEFE,#F7F7F7
https://i.redd.it/tb5pckm6e72y.jpg,#B8B6AB,#A0A19D,#A1A29E
http://i.imgur.com/qvnjbVw.jpg,#A9ACB5,#A8ABB4,#AAADB6
https://i.redd.it/nrafqoujmety.jpg,#000000,#000000,#000000
https://i.redd.it/cwljeujku33z.jpg,#E9E6DF,#E4E1DC,#EAE5DE
https://i.redd.it/ihczg3pmle3z.jpg,#B0B9A8,#AFB8A7,#A3AC9B
http://i.imgur.com/tyDhTll.jpg,#070705,#050503,#060604
https://i.redd.it/4m5yk8gjrtzy.jpg,#010101,#020001,#030001
https://i.redd.it/rubsfuf64lvy.jpg,#BBB4A2,#BCB5A3,#BAB3A1
https://i.redd.it/s5viyluv421z.jpg,#F5EEDD,#F6EFDE,#7A522F
https://i.redd.it/1nlgrn49x7ry.jpg,#0F0F0F,#101010,#13100D
https://i.redd.it/ax4eueu0szpy.jpg,#222739,#BCBAC9,#BCBAC7
https://i.redd.it/0qow2dksb34z.jpg,#FFFFFF,#A0CAEC,#FFFFFE
http://i.imgur.com/puEqa4C.jpg,#908E9C,#928FA2,#92909E
https://i.redd.it/fsuv32a1cc9y.jpg,#FFFFFF,#FEFEFE,#FDFDFD
http://i.imgur.com/RycdbMO.jpg,#D6CAC0,#F2F9FF,#D2C6BC
https://i.redd.it/h5t3qddvvzry.jpg,#0E0E0E,#0D0D0D,#020202
http://i.imgur.com/lcEUZHv.jpg,#FFFFFF,#C6BCBF,#444A5A
https://i.imgur.com/HRgRMOw.jpg,#A4A3A8,#408A59,#40895A
https://i.redd.it/w5q6gldnvcuy.jpg,#F3F3F3,#19161D,#18151C
https://i.imgur.com/HRgRMOw.jpg,#A4A3A8,#408A59,#40895A
https://i.redd.it/n9jq5j2tatcy.jpg,#F3FFFF,#F4FFFF,#F3FFFD
https://i.redd.it/cpkq97klre4z.jpg,#777868,#767767,#B4B4A4
https://i.imgur.com/HRgRMOw.jpg,#A4A3A8,#408A59,#40895A
http://i.imgur.com/TKLs9lo.jpg,#FFFFFF,#FEFEFE,#F7F7F7
https://i.redd.it/rubsfuf64lvy.jpg,#BBB4A2,#BCB5A3,#BAB3A1
https://i.redd.it/0qow2dksb34z.jpg,#FFFFFF,#A0CAEC,#FFFFFE
http://i.imgur.com/pt9rmrv.jpg,#FFFFFF,#FCEBDB,#FBEADA
https://i.redd.it/xae65ypfqycy.jpg,#F4F4F4,#C83A2E,#C24541
http://i.imgur.com/qvnjbVw.jpg,#A9ACB5,#A8ABB4,#AAADB6
https://i.redd.it/sn7ufk9fsv4z.jpg,#CCD1D7,#CBD0D6,#CACFD5
https://i.redd.it/0qow2dksb34z.jpg,#FFFFFF,#A0CAEC,#FFFFFE
https://i.imgur.com/HRgRMOw.jpg,#A4A3A8,#408A59,#40895A
http://i.imgur.com/tyDhTll.jpg,#070705,#050503,#060604
https://i.redd.it/0qow2dksb34z.jpg,#FFFFFF,#A0CAEC,#FFFFFE
http://i.imgur.com/sXhEQez.jpg,#FFFFFF,#000000,#FEFEFE
http://i.imgur.com/RycdbMO.jpg,#D6CAC0,#F2F9FF,#D2C6BC
https://i.redd.it/nrafqoujmety.jpg,#000000,#000000,#000000
https://i.redd.it/0qow2dksb34z.jpg,#FFFFFF,#A0CAEC,#FFFFFE
https://i.redd.it/c5pk0vnpg3ty.jpg,#6E81CD,#6E81CE,#FEFEFE
https://i.redd.it/ru12lvaf7jyy.jpg,#9D9997,#9C9896,#9E9A98
https://i.redd.it/4m5yk8gjrtzy.jpg,#010101,#020001,#030001
https://i.redd.it/guul6eld2soy.jpg,#6B7B94,#6D7D96,#807967
https://i.redd.it/fyqzavufvjwy.jpg,#DDB083,#FEFEFE,#DBAE81
https://i.redd.it/cwljeujku33z.jpg,#E9E6DF,#E4E1DC,#EAE5DE
https://i.redd.it/0qow2dksb34z.jpg,#FFFFFF,#A0CAEC,#FFFFFE
https://i.redd.it/xae65ypfqycy.jpg,#F4F4F4,#C83A2E,#C24541
http://i.imgur.com/sXhEQez.jpg,#FFFFFF,#000000,#FEFEFE
https://i.redd.it/sn7ufk9fsv4z.jpg,#CCD1D7,#CBD0D6,#CACFD5
https://i.redd.it/ihczg3pmle3z.jpg,#B0B9A8,#AFB8A7,#A3AC9B
https://i.redd.it/1nlgrn49x7ry.jpg,#0F0F0F,#101010,#13100D
https://i.redd.it/h5t3qddvvzry.jpg,#0E0E0E,#0D0D0D,#020202
http://i.imgur.com/puEqa4C.jpg,#908E9C,#928FA2,#92909E
https://i.redd.it/tb5pckm6e72y.jpg,#B8B6AB,#A0A19D,#A1A29E
https://i.redd.it/cpkq97klre4z.jpg,#777868,#767767,#B4B4A4
https://i.redd.it/w5q6gldnvcuy.jpg,#F3F3F3,#19161D,#18151C
https://i.redd.it/guul6eld2soy.jpg,#6B7B94,#6D7D96,#807967
https://i.imgur.com/HRgRMOw.jpg,#A4A3A8,#408A59,#40895A
https://i.imgur.com/HRgRMOw.jpg,#A4A3A8,#408A59,#40895A
https://i.redd.it/fsuv32a1cc9y.jpg,#FFFFFF,#FEFEFE,#FDFDFD
https://i.redd.it/n9jq5j2tatcy.jpg,#F3FFFF,#F4FFFF,#F3FFFD
https://i.redd.it/ax4eueu0szpy.jpg,#222739,#BCBAC9,#BCBAC7
https://i.imgur.com/HRgRMOw.jpg,#A4A3A8,#408A59,#40895A
https://i.redd.it/sn7ufk9fsv4z.jpg,#CCD1D7,#CBD0D6,#CACFD5
http://i.imgur.com/6pnYQUv.jpg,#181A1D,#191B1E,#17191C
https://i.redd.it/cwljeujku33z.jpg,#E9E6DF,#E4E1DC,#EAE5DE
http://i.imgur.com/qvnjbVw.jpg,#A9ACB5,#A8ABB4,#AAADB6
https://i.redd.it/4m5yk8gjrtzy.jpg,#010101,#020001,#030001
http://i.imgur.com/lcEUZHv.jpg,#FFFFFF,#C6BCBF,#444A5A
http://i.imgur.com/pt9rmrv.jpg,#FFFFFF,#FCEBDB,#FBEADA
https://i.redd.it/fsuv32a1cc9y.jpg,#FFFFFF,#FEFEFE,#FDFDFD
http://i.imgur.com/TKLs9lo.jpg,#FFFFFF,#FEFEFE,#F7F7F7
http://i.imgur.com/6pnYQUv.jpg,#181A1D,#191B1E,#17191C
https://i.redd.it/cpkq97klre4z.jpg,#777868,#767767,#B4B4A4
http://i.imgur.com/M3NOzLC.jpg,#FFFFFF,#93907D,#928F7C
https://i.redd.it/ru12lvaf7jyy.jpg,#9D9997,#9C9896,#9E9A98
https://i.redd.it/s5viyluv421z.jpg,#F5EEDD,#F6EFDE,#7A522F
https://i.redd.it/fyqzavufvjwy.jpg,#DDB083,#FEFEFE,#DBAE81
https://i.redd.it/sn7ufk9fsv4z.jpg,#CCD1D7,#CBD0D6,#CACFD5
https://i.redd.it/nrafqoujmety.jpg,#000000,#000000,#000000
https://i.redd.it/0qow2dksb34z.jpg,#FFFFFF,#A0CAEC,#FFFFFE
https://i.redd.it/c5pk0vnpg3ty.jpg,#6E81CD,#6E81CE,#FEFEFE
https://i.redd.it/sn7ufk9fsv4z.jpg,#CCD1D7,#CBD0D6,#CACFD5
https://i.redd.it/sn7ufk9fsv4z.jpg,#CCD1D7,#CBD0D6,#CACFD5
http://i.imgur.com/puEqa4C.jpg,#908E9C,#928FA2,#92909E
https://i.redd.it/0qow2dksb34z.jpg,#FFFFFF,#A0CAEC,#FFFFFE
https://i.redd.it/rubsfuf64lvy.jpg,#BBB4A2,#BCB5A3,#BAB3A1
http://i.imgur.com/FApqk3D.jpg,#FFFFFF,#000000,#F3C300
https://i.redd.it/sn7ufk9fsv4z.jpg,#CCD1D7,#CBD0D6,#CACFD5
https://i.redd.it/w5q6gldnvcuy.jpg,#F3F3F3,#19161D,#18151C
http://i.imgur.com/FApqk3D.jpg,#FFFFFF,#000000,#F3C300
https://i.redd.it/1nlgrn49x7ry.jpg,#0F0F0F,#101010,#13100D
http://i.imgur.com/sXhEQez.jpg,#FFFFFF,#000000,#FEFEFE
http://i.imgur.com/tyDhTll.jpg,#070705,#050503,#060604
https://i.redd.it/h5t3qddvvzry.jpg,#0E0E0E,#0D0D0D,#020202
https://i.redd.it/rubsfuf64lvy.jpg,#BBB4A2,#BCB5A3,#BAB3A1
https://i.redd.it/ax4eueu0szpy.jpg,#222739,#BCBAC9,#BCBAC7
http://i.imgur.com/qvnjbVw.jpg,#A9ACB5,#A8ABB4,#AAADB6
https://i.redd.it/4m5yk8gjrtzy.jpg,#010101,#020001,#030001
http://i.imgur.com/RycdbMO.jpg,#D6CAC0,#F2F9FF,#D2C6BC
https://i.imgur.com/HRgRMOw.jpg,#A4A3A8,#408A59,#40895A
https://i.redd.it/sn7ufk9fsv4z.jpg,#CCD1D7,#CBD0D6,#CACFD5
http://i.imgur.com/TKLs9lo.jpg,#FFFFFF,#FEFEFE,#F7F7F7
https://i.redd.it/guul6eld2soy.jpg,#6B7B94,#6D7D96,#807967
https://i.redd.it/nrafqoujmety.jpg,#000000,#000000,#000000
http://i.imgur.com/tyDhTll.jpg,#070705,#050503,#060604
http://i.imgur.com/RycdbMO.jpg,#D6CAC0,#F2F9FF,#D2C6BC
http://i.imgur.com/pt9rmrv.jpg,#FFFFFF,#FCEBDB,#FBEADA
https://i.redd.it/ax4eueu0szpy.jpg,#222739,#BCBAC9,#BCBAC7
https://i.redd.it/ru12lvaf7jyy.jpg,#9D9997,#9C9896,#9E9A98
http://i.imgur.com/M3NOzLC.jpg,#FFFFFF,#93907D,#928F7C
https://i.redd.it/tb5pckm6e72y.jpg,#B8B6AB,#A0A19D,#A1A29E
https://i.redd.it/fyqzavufvjwy.jpg,#DDB083,#FEFEFE,#DBAE81
https://i.redd.it/tb5pckm6e72y.jpg,#B8B6AB,#A0A19D,#A1A29E
https://i.imgur.com/HRgRMOw.jpg,#A4A3A8,#408A59,#40895A
https://i.redd.it/ihczg3pmle3z.jpg,#B0B9A8,#AFB8A7,#A3AC9B
http://i.imgur.com/M3NOzLC.jpg,#FFFFFF,#93907D,#928F7C
http://i.imgur.com/M3NOzLC.jpg,#FFFFFF,#93907D,#928F7C
https://i.redd.it/0qow2dksb34z.jpg,#FFFFFF,#A0CAEC,#FFFFFE
http://i.imgur.com/lcEUZHv.jpg,#FFFFFF,#C6BCBF,#444A5A
http://i.imgur.com/lcEUZHv.jpg,#FFFFFF,#C6BCBF,#444A5A
https://i.redd.it/xae65ypfqycy.jpg,#F4F4F4,#C83A2E,#C24541
https://i.redd.it/s5viyluv421z.jpg,#F5EEDD,#F6EFDE,#7A522F
https://i.redd.it/n9jq5j2tatcy.jpg,#F3FFFF,#F4FFFF,#F3FFFD
https://i.redd.it/fsuv32a1cc9y.jpg,#FFFFFF,#FEFEFE,#FDFDFD
http://i.imgur.com/6pnYQUv.jpg,#181A1D,#191B1E,#17191C
https://i.redd.it/guul6eld2soy.jpg,#6B7B94,#6D7D96,#807967
http://i.imgur.com/pt9rmrv.jpg,#FFFFFF,#FCEBDB,#FBEADA
https://i.redd.it/xae65ypfqycy.jpg,#F4F4F4,#C83A2E,#C24541
https://i.redd.it/cpkq97klre4z.jpg,#777868,#767767,#B4B4A4
https://i.redd.it/cwljeujku33z.jpg,#E9E6DF,#E4E1DC,#EAE5DE
http://i.imgur.com/M3NOzLC.jpg,#FFFFFF,#93907D,#928F7C
https://i.redd.it/c5pk0vnpg3ty.jpg,#6E81CD,#6E81CE,#FEFEFE
http://i.imgur.com/FApqk3D.jpg,#FFFFFF,#000000,#F3C300
http://i.imgur.com/sXhEQez.jpg,#FFFFFF,#000000,#FEFEFE
https://i.redd.it/1nlgrn49x7ry.jpg,#0F0F0F,#101010,#13100D
https://i.redd.it/sn7ufk9fsv4z.jpg,#CCD1D7,#CBD0D6,#CACFD5
https://i.redd.it/rubsfuf64lvy.jpg,#BBB4A2,#BCB5A3,#BAB3A1
https://i.redd.it/w5q6gldnvcuy.jpg,#F3F3F3,#19161D,#18151C
http://i.imgur.com/M3NOzLC.jpg,#FFFFFF,#93907D,#928F7C
https://i.redd.it/ihczg3pmle3z.jpg,#B0B9A8,#AFB8A7,#A3AC9B
http://i.imgur.com/M3NOzLC.jpg,#FFFFFF,#93907D,#928F7C
https://i.redd.it/fyqzavufvjwy.jpg,#DDB083,#FEFEFE,#DBAE81
https://i.redd.it/nrafqoujmety.jpg,#000000,#000000,#000000
https://i.redd.it/4m5yk8gjrtzy.jpg,#010101,#020001,#030001
https://i.redd.it/fsuv32a1cc9y.jpg,#FFFFFF,#FEFEFE,#FDFDFD
https://i.redd.it/0qow2dksb34z.jpg,#FFFFFF,#A0CAEC,#FFFFFE
https://i.redd.it/guul6eld2soy.jpg,#6B7B94,#6D7D96,#807967
https://i.redd.it/sn7ufk9fsv4z.jpg,#CCD1D7,#CBD0D6,#CACFD5
https://i.redd.it/h5t3qddvvzry.jpg,#0E0E0E,#0D0D0D,#020202
https://i.redd.it/n9jq5j2tatcy.jpg,#F3FFFF,#F4FFFF,#F3FFFD
http://i.imgur.com/tyDhTll.jpg,#070705,#050503,#060604
https://i.imgur.com/HRgRMOw.jpg,#A4A3A8,#408A59,#40895A
https://i.redd.it/s5viyluv421z.jpg,#F5EEDD,#F6EFDE,#7A522F
http://i.imgur.com/TKLs9lo.jpg,#FFFFFF,#FEFEFE,#F7F7F7
https://i.redd.it/xae65ypfqycy.jpg,#F4F4F4,#C83A2E,#C24541
https://i.redd.it/0qow2dksb34z.jpg,#FFFFFF,#A0CAEC,#FFFFFE
http://i.imgur.com/puEqa4C.jpg,#908E9C,#928FA2,#92909E
http://i.imgur.com/RycdbMO.jpg,#D6CAC0,#F2F9FF,#D2C6BC
https://i.redd.it/c5pk0vnpg3ty.jpg,#6E81CD,#6E81CE,#FEFEFE
https://i.redd.it/cwljeujku33z.jpg,#E9E6DF,#E4E1DC,#EAE5DE
http://i.imgur.com/qvnjbVw.jpg,#A9ACB5,#A8ABB4,#AAADB6
https://i.redd.it/w5q6gldnvcuy.jpg,#F3F3F3,#19161D,#18151C
https://i.redd.it/ru12lvaf7jyy.jpg,#9D9997,#9C9896,#9E9A98
http://i.imgur.com/puEqa4C.jpg,#908E9C,#928FA2,#92909E
https://i.redd.it/cpkq97klre4z.jpg,#777868,#767767,#B4B4A4
https://i.redd.it/1nlgrn49x7ry.jpg,#0F0F0F,#101010,#13100D
https://i.redd.it/c5pk0vnpg3ty.jpg,#6E81CD,#6E81CE,#FEFEFE
http://i.imgur.com/6pnYQUv.jpg,#181A1D,#191B1E,#17191C
https://i.redd.it/fyqzavufvjwy.jpg,#DDB083,#FEFEFE,#DBAE81
http://i.imgur.com/tyDhTll.jpg,#070705,#050503,#060604
https://i.redd.it/tb5pckm6e72y.jpg,#B8B6AB,#A0A19D,#A1A29E
http://i.imgur.com/RycdbMO.jpg,#D6CAC0,#F2F9FF,#D2C6BC
http://i.imgur.com/lcEUZHv.jpg,#FFFFFF,#C6BCBF,#444A5A
http://i.imgur.com/FApqk3D.jpg,#FFFFFF,#000000,#F3C300
https://i.redd.it/0qow2dksb34z.jpg,#FFFFFF,#A0CAEC,#FFFFFE
http://i.imgur.com/qvnjbVw.jpg,#A9ACB5,#A8ABB4,#AAADB6
https://i.redd.it/rubsfuf64lvy.jpg,#BBB4A2,#BCB5A3,#BAB3A1
https://i.redd.it/sn7ufk9fsv4z.jpg,#CCD1D7,#CBD0D6,#CACFD5
https://i.redd.it/ax4eueu0szpy.jpg,#222739,#BCBAC9,#BCBAC7
https://i.redd.it/h5t3qddvvzry.jpg,#0E0E0E,#0D0D0D,#020202
https://i.redd.it/4m5yk8gjrtzy.jpg,#010101,#020001,#030001
https://i.redd.it/fsuv32a1cc9y.jpg,#FFFFFF,#FEFEFE,#FDFDFD
https://i.redd.it/nrafqoujmety.jpg,#000000,#000000,#000000
https://i.redd.it/ru12lvaf7jyy.jpg,#9D9997,#9C9896,#9E9A98
http://i.imgur.com/pt9rmrv.jpg,#FFFFFF,#FCEBDB,#FBEADA
http://i.imgur.com/TKLs9lo.jpg,#FFFFFF,#FEFEFE,#F7F7F7
http://i.imgur.com/sXhEQez.jpg,#FFFFFF,#000000,#FEFEFE
https://i.redd.it/n9jq5j2tatcy.jpg,#F3FFFF,#F4FFFF,#F3FFFD
http://i.imgur.com/sXhEQez.jpg,#FFFFFF,#000000,#FEFEFE
https://i.redd.it/w5q6gldnvcuy.jpg,#F3F3F3,#19161D,#18151C
https://i.redd.it/ihczg3pmle3z.jpg,#B0B9A8,#AFB8A7,#A3AC9B
http://i.imgur.com/M3NOzLC.jpg,#FFFFFF,#93907D,#928F7C
http://i.imgur.com/6pnYQUv.jpg,#181A1D,#191B1E,#17191C
https://i.imgur.com/HRgRMOw.jpg,#A4A3A8,#408A59,#40895A
https://i.redd.it/sn7ufk9fsv4z.jpg,#CCD1D7,#CBD0D6,#CACFD5
https://i.redd.it/1nlgrn49x7ry.jpg,#0F0F0F,#101010,#13100D
https://i.redd.it/s5viyluv421z.jpg,#F5EEDD,#F6EFDE,#7A522F
https://i.redd.it/ax4eueu0szpy.jpg,#222739,#BCBAC9,#BCBAC7
http://i.imgur.com/puEqa4C.jpg,#908E9C,#928FA2,#92909E
https://i.redd.it/h5t3qddvvzry.jpg,#0E0E0E,#0D0D0D,#020202
https://i.redd.it/guul6eld2soy.jpg,#6B7B94,#6D7D96,#807967
http://i.imgur.com/FApqk3D.jpg,#FFFFFF,#000000,#F3C300
https://i.redd.it/0qow2dksb34z.jpg,#FFFFFF,#A0CAEC,#FFFFFE
https://i.redd.it/ru12lvaf7jyy.jpg,#9D9997,#9C9896,#9E9A98
https://i.redd.it/xae65ypfqycy.jpg,#F4F4F4,#C83A2E,#C24541
http://i.imgur.com/lcEUZHv.jpg,#FFFFFF,#C6BCBF,#444A5A
https://i.redd.it/rubsfuf64lvy.jpg,#BBB4A2,#BCB5A3,#BAB3A1
http://i.imgur.com/pt9rmrv.jpg,#FFFFFF,#FCEBDB,#FBEADA
https://i.redd.it/ax4eueu0szpy.jpg,#222739,#BCBAC9,#BCBAC7
https://i.redd.it/4m5yk8gjrtzy.jpg,#010101,#020001,#030001
http://i.imgur.com/tyDhTll.jpg,#070705,#050503,#060604
https://i.redd.it/cwljeujku33z.jpg,#E9E6DF,#E4E1DC,#EAE5DE
https://i.redd.it/cwljeujku33z.jpg,#E9E6DF,#E4E1DC,#EAE5DE
https://i.redd.it/cpkq97klre4z.jpg,#777868,#767767,#B4B4A4
http://i.imgur.com/TKLs9lo.jpg,#FFFFFF,#FEFEFE,#F7F7F7
https://i.redd.it/tb5pckm6e72y.jpg,#B8B6AB,#A0A19D,#A1A29E
https://i.redd.it/n9jq5j2tatcy.jpg,#F3FFFF,#F4FFFF,#F3FFFD
https://i.redd.it/xae65ypfqycy.jpg,#F4F4F4,#C83A2E,#C24541
https://i.redd.it/s5viyluv421z.jpg,#F5EEDD,#F6EFDE,#7A522F
https://i.redd.it/nrafqoujmety.jpg,#000000,#000000,#000000
https://i.redd.it/fyqzavufvjwy.jpg,#DDB083,#FEFEFE,#DBAE81
https://i.redd.it/sn7ufk9fsv4z.jpg,#CCD1D7,#CBD0D6,#CACFD5
https://i.redd.it/0qow2dksb34z.jpg,#FFFFFF,#A0CAEC,#FFFFFE
http://i.imgur.com/lcEUZHv.jpg,#FFFFFF,#C6BCBF,#444A5A
http://i.imgur.com/6pnYQUv.jpg,#181A1D,#191B1E,#17191C
https://i.redd.it/guul6eld2soy.jpg,#6B7B94,#6D7D96,#807967
https://i.redd.it/ihczg3pmle3z.jpg,#B0B9A8,#AFB8A7,#A3AC9B
http://i.imgur.com/qvnjbVw.jpg,#A9ACB5,#A8ABB4,#AAADB6
https://i.redd.it/1nlgrn49x7ry.jpg,#0F0F0F,#101010,#13100D
https://i.imgur.com/HRgRMOw.jpg,#A4A3A8,#408A59,#40895A
https://i.redd.it/tb5pckm6e72y.jpg,#B8B6AB,#A0A19D,#A1A29E
http://i.imgur.com/FApqk3D.jpg,#FFFFFF,#000000,#F3C300
https://i.redd.it/c5pk0vnpg3ty.jpg,#6E81CD,#6E81CE,#FEFEFE
https://i.redd.it/rubsfuf64lvy.jpg,#BBB4A2,#BCB5A3,#BAB3A1
https://i.redd.it/fyqzavufvjwy.jpg,#DDB083,#FEFEFE,#DBAE81
http://i.imgur.com/M3NOzLC.jpg,#FFFFFF,#93907D,#928F7C
http://i.imgur.com/puEqa4C.jpg,#908E9C,#928FA2,#92909E
http://i.imgur.com/RycdbMO.jpg,#D6CAC0,#F2F9FF,#D2C6BC
https://i.redd.it/4m5yk8gjrtzy.jpg,#010101,#020001,#030001
https://i.redd.it/fsuv32a1cc9y.jpg,#FFFFFF,#FEFEFE,#FDFDFD
https://i.redd.it/guul6eld2soy.jpg,#6B7B94,#6D7D96,#807967
https://i.redd.it/ru12lvaf7jyy.jpg,#9D9997,#9C9896,#9E9A98
https://i.redd.it/xae65ypfqycy.jpg,#F4F4F4,#C83A2E,#C24541
https://i.redd.it/ihczg3pmle3z.jpg,#B0B9A8,#AFB8A7,#A3AC9B
http://i.imgur.com/tyDhTll.jpg,#070705,#050503,#060604
http://i.imgur.com/sXhEQez.jpg,#FFFFFF,#000000,#FEFEFE
https://i.redd.it/sn7ufk9fsv4z.jpg,#CCD1D7,#CBD0D6,#CACFD5
https://i.redd.it/c5pk0vnpg3ty.jpg,#6E81CD,#6E81CE,#FEFEFE
https://i.redd.it/w5q6gldnvcuy.jpg,#F3F3F3,#19161D,#18151C
https://i.redd.it/cpkq97klre4z.jpg,#777868,#767767,#B4B4A4
http://i.imgur.com/pt9rmrv.jpg,#FFFFFF,#FCEBDB,#FBEADA
https://i.redd.it/h5t3qddvvzry.jpg,#0E0E0E,#0D0D0D,#020202
https://i.redd.it/tb5pckm6e72y.jpg,#B8B6AB,#A0A19D,#A1A29E
http://i.imgur.com/TKLs9lo.jpg,#FFFFFF,#FEFEFE,#F7F7F7
http://i.imgur.com/pt9rmrv.jpg,#FFFFFF,#FCEBDB,#FBEADA
http://i.imgur.com/RycdbMO.jpg,#D6CAC0,#F2F9FF,#D2C6BC
http://i.imgur.com/qvnjbVw.jpg,#A9ACB5,#A8ABB4,#AAADB6
https://i.redd.it/rubsfuf64lvy.jpg,#BBB4A2,#BCB5A3,#BAB3A1
http://i.imgur.com/6pnYQUv.jpg,#181A1D,#191B1E,#17191C
http://i.imgur.com/lcEUZHv.jpg,#FFFFFF,#C6BCBF,#444A5A
https://i.redd.it/s5viyluv421z.jpg,#F5EEDD,#F6EFDE,#7A522F
https://i.redd.it/0qow2dksb34z.jpg,#FFFFFF,#A0CAEC,#FFFFFE
https://i.redd.it/n9jq5j2tatcy.jpg,#F3FFFF,#F4FFFF,#F3FFFD
http://i.imgur.com/M3NOzLC.jpg,#FFFFFF,#93907D,#928F7C
https://i.redd.it/cpkq97klre4z.jpg,#777868,#767767,#B4B4A4
https://i.redd.it/ax4eueu0szpy.jpg,#222739,#BCBAC9,#BCBAC7
https://i.redd.it/nrafqoujmety.jpg,#000000,#000000,#000000
https://i.redd.it/1nlgrn49x7ry.jpg,#0F0F0F,#101010,#13100D
https://i.redd.it/w5q6gldnvcuy.jpg,#F3F3F3,#19161D,#18151C
https://i.redd.it/sn7ufk9fsv4z.jpg,#CCD1D7,#CBD0D6,#CACFD5
https://i.redd.it/cwljeujku33z.jpg,#E9E6DF,#E4E1DC,#EAE5DE
http://i.imgur.com/puEqa4C.jpg,#908E9C,#928FA2,#92909E
https://i.redd.it/fsuv32a1cc9y.jpg,#FFFFFF,#FEFEFE,#FDFDFD
https://i.redd.it/sn7ufk9fsv4z.jpg,#CCD1D7,#CBD0D6,#CACFD5
http://i.imgur.com/FApqk3D.jpg,#FFFFFF,#000000,#F3C300
http://i.imgur.com/RycdbMO.jpg,#D6CAC0,#F2F9FF,#D2C6BC
https://i.redd.it/h5t3qddvvzry.jpg,#0E0E0E,#0D0D0D,#020202
http://i.imgur.com/sXhEQez.jpg,#FFFFFF,#000000,#FEFEFE
https://i.redd.it/fyqzavufvjwy.jpg,#DDB083,#FEFEFE,#DBAE81
https://i.redd.it/s5viyluv421z.jpg,#F5EEDD,#F6EFDE,#7A522F
https://i.redd.it/4m5yk8gjrtzy.jpg,#010101,#020001,#030001
https://i.imgur.com/HRgRMOw.jpg,#A4A3A8,#408A59,#40895A
https://i.redd.it/n9jq5j2tatcy.jpg,#F3FFFF,#F4FFFF,#F3FFFD
https://i.redd.it/xae65ypfqycy.jpg,#F4F4F4,#C83A2E,#C24541
https://i.redd.it/d8021b5i2moy.jpg,#FFFFFF,#010304,#020405
https://i.redd.it/d8021b5i2moy.jpg,#FFFFFF,#010304,#020405
https://i.redd.it/cwljeujku33z.jpg,#E9E6DF,#E4E1DC,#EAE5DE
https://i.redd.it/ru12lvaf7jyy.jpg,#9D9997,#9C9896,#9E9A98
https://i.redd.it/guul6eld2soy.jpg,#6B7B94,#6D7D96,#807967
https://i.redd.it/0qow2dksb34z.jpg,#FFFFFF,#A0CAEC,#FFFFFE
https://i.redd.it/ax4eueu0szpy.jpg,#222739,#BCBAC9,#BCBAC7
http://i.imgur.com/6pnYQUv.jpg,#181A1D,#191B1E,#17191C
http://i.imgur.com/TKLs9lo.jpg,#FFFFFF,#FEFEFE,#F7F7F7
http://i.imgur.com/tyDhTll.jpg,#070705,#050503,#060604
https://i.redd.it/ihczg3pmle3z.jpg,#B0B9A8,#AFB8A7,#A3AC9B
http://i.imgur.com/qvnjbVw.jpg,#A9ACB5,#A8ABB4,#AAADB6
https://i.redd.it/c5pk0vnpg3ty.jpg,#6E81CD,#6E81CE,#FEFEFE
https://i.redd.it/rubsfuf64lvy.jpg,#BBB4A2,#BCB5A3,#BAB3A1
http://i.imgur.com/pt9rmrv.jpg,#FFFFFF,#FCEBDB,#FBEADA
http://i.imgur.com/FApqk3D.jpg,#FFFFFF,#000000,#F3C300
https://i.redd.it/fyqzavufvjwy.jpg,#DDB083,#FEFEFE,#DBAE81
https://i.redd.it/d8021b5i2moy.jpg,#FFFFFF,#010304,#020405
https://i.imgur.com/HRgRMOw.jpg,#A4A3A8,#408A59,#40895A
https://i.redd.it/fsuv32a1cc9y.jpg,#FFFFFF,#FEFEFE,#FDFDFD
https://i.redd.it/guul6eld2soy.jpg,#6B7B94,#6D7D96,#807967
https://i.redd.it/xae65ypfqycy.jpg,#F4F4F4,#C83A2E,#C24541
http://i.imgur.com/M3NOzLC.jpg,#FFFFFF,#93907D,#928F7C
https://i.redd.it/tb5pckm6e72y.jpg,#B8B6AB,#A0A19D,#A1A29E
http://i.imgur.com/M3NOzLC.jpg,#FFFFFF,#93907D,#928F7C
http://i.imgur.com/lcEUZHv.jpg,#FFFFFF,#C6BCBF,#444A5A
https://i.redd.it/d8021b5i2moy.jpg,#FFFFFF,#010304,#020405
https://i.redd.it/0qow2dksb34z.jpg,#FFFFFF,#A0CAEC,#FFFFFE
http://i.imgur.com/RycdbMO.jpg,#D6CAC0,#F2F9FF,#D2C6BC
https://i.redd.it/w5q6gldnvcuy.jpg,#F3F3F3,#19161D,#18151C
https://i.redd.it/sn7ufk9fsv4z.jpg,#CCD1D7,#CBD0D6,#CACFD5
http://i.imgur.com/sXhEQez.jpg,#FFFFFF,#000000,#FEFEFE
https://i.redd.it/d8021b5i2moy.jpg,#FFFFFF,#010304,#020405
http://i.imgur.com/puEqa4C.jpg,#908E9C,#928FA2,#92909E
https://i.redd.it/1nlgrn49x7ry.jpg,#0F0F0F,#101010,#13100D
https://i.redd.it/s5viyluv421z.jpg,#F5EEDD,#F6EFDE,#7A522F
https://i.redd.it/h5t3qddvvzry.jpg,#0E0E0E,#0D0D0D,#020202
https://i.redd.it/cpkq97klre4z.jpg,#777868,#767767,#B4B4A4
http://i.imgur.com/tyDhTll.jpg,#070705,#050503,#060604
https://i.redd.it/w5q6gldnvcuy.jpg,#F3F3F3,#19161D,#18151C
https://i.redd.it/4m5yk8gjrtzy.jpg,#010101,#020001,#030001
https://i.redd.it/d8021b5i2moy.jpg,#FFFFFF,#010304,#020405
http://i.imgur.com/qvnjbVw.jpg,#A9ACB5,#A8ABB4,#AAADB6
https://i.imgur.com/HRgRMOw.jpg,#A4A3A8,#408A59,#40895A
https://i.redd.it/d8021b5i2moy.jpg,#FFFFFF,#010304,#020405
http://i.imgur.com/6pnYQUv.jpg,#181A1D,#191B1E,#17191C
https://i.redd.it/tb5pckm6e72y.jpg,#B8B6AB,#A0A19D,#A1A29E
https://i.redd.it/n9jq5j2tatcy.jpg,#F3FFFF,#F4FFFF,#F3FFFD
https://i.redd.it/guul6eld2soy.jpg,#6B7B94,#6D7D96,#807967
http://i.imgur.com/TKLs9lo.jpg,#FFFFFF,#FEFEFE,#F7F7F7
https://i.redd.it/xae65ypfqycy.jpg,#F4F4F4,#C83A2E,#C24541
https://i.redd.it/nrafqoujmety.jpg,#000000,#000000,#000000
https://i.redd.it/ru12lvaf7jyy.jpg,#9D9997,#9C9896,#9E9A98
http://i.imgur.com/FApqk3D.jpg,#FFFFFF,#000000,#F3C300
https://i.redd.it/d8021b5i2moy.jpg,#FFFFFF,#010304,#020405
https://i.imgur.com/HRgRMOw.jpg,#A4A3A8,#408A59,#40895A
https://i.redd.it/ax4eueu0szpy.jpg,#222739,#BCBAC9,#BCBAC7
https://i.imgur.com/HRgRMOw.jpg,#A4A3A8,#408A59,#40895A
https://i.redd.it/0qow2dksb34z.jpg,#FFFFFF,#A0CAEC,#FFFFFE
http://i.imgur.com/M3NOzLC.jpg,#FFFFFF,#93907D,#928F7C
https://i.redd.it/cwljeujku33z.jpg,#E9E6DF,#E4E1DC,#EAE5DE
https://i.redd.it/fyqzavufvjwy.jpg,#DDB083,#FEFEFE,#DBAE81
http://i.imgur.com/pt9rmrv.jpg,#FFFFFF,#FCEBDB,#FBEADA
https://i.redd.it/cwljeujku33z.jpg,#E9E6DF,#E4E1DC,#EAE5DE
https://i.redd.it/d8021b5i2moy.jpg,#FFFFFF,#010304,#020405
https://i.redd.it/nrafqoujmety.jpg,#000000,#000000,#000000
https://i.redd.it/rubsfuf64lvy.jpg,#BBB4A2,#BCB5A3,#BAB3A1
https://i.redd.it/cpkq97klre4z.jpg,#777868,#767767,#B4B4A4
http://i.imgur.com/sXhEQez.jpg,#FFFFFF,#000000,#FEFEFE
http://i.imgur.com/lcEUZHv.jpg,#FFFFFF,#C6BCBF,#444A5A
https://i.redd.it/guul6eld2soy.jpg,#6B7B94,#6D7D96,#807967
https://i.redd.it/h5t3qddvvzry.jpg,#0E0E0E,#0D0D0D,#020202
https://i.redd.it/d8021b5i2moy.jpg,#FFFFFF,#010304,#020405
http://i.imgur.com/RycdbMO.jpg,#D6CAC0,#F2F9FF,#D2C6BC
https://i.imgur.com/HRgRMOw.jpg,#A4A3A8,#408A59,#40895A
http://i.imgur.com/M3NOzLC.jpg,#FFFFFF,#93907D,#928F7C
https://i.redd.it/fsuv32a1cc9y.jpg,#FFFFFF,#FEFEFE,#FDFDFD
https://i.redd.it/c5pk0vnpg3ty.jpg,#6E81CD,#6E81CE,#FEFEFE
http://i.imgur.com/puEqa4C.jpg,#908E9C,#928FA2,#92909E
http://i.imgur.com/FApqk3D.jpg,#FFFFFF,#000000,#F3C300
https://i.redd.it/xae65ypfqycy.jpg,#F4F4F4,#C83A2E,#C24541
https://i.redd.it/ihczg3pmle3z.jpg,#B0B9A8,#AFB8A7,#A3AC9B
https://i.redd.it/0qow2dksb34z.jpg,#FFFFFF,#A0CAEC,#FFFFFE
http://i.imgur.com/qvnjbVw.jpg,#A9ACB5,#A8ABB4,#AAADB6
http://i.imgur.com/tyDhTll.jpg,#070705,#050503,#060604
http://i.imgur.com/6pnYQUv.jpg,#181A1D,#191B1E,#17191C
https://i.redd.it/1nlgrn49x7ry.jpg,#0F0F0F,#101010,#13100D
http://i.imgur.com/pt9rmrv.jpg,#FFFFFF,#FCEBDB,#FBEADA
http://i.imgur.com/TKLs9lo.jpg,#FFFFFF,#FEFEFE,#F7F7F7
https://i.redd.it/ihczg3pmle3z.jpg,#B0B9A8,#AFB8A7,#A3AC9B
https://i.redd.it/nrafqoujmety.jpg,#000000,#000000,#000000
https://i.redd.it/4m5yk8gjrtzy.jpg,#010101,#020001,#030001
https://i.redd.it/d8021b5i2moy.jpg,#FFFFFF,#010304,#020405
https://i.redd.it/n9jq5j2tatcy.jpg,#F3FFFF,#F4FFFF,#F3FFFD
https://i.redd.it/ru12lvaf7jyy.jpg,#9D9997,#9C9896,#9E9A98
https://i.redd.it/w5q6gldnvcuy.jpg,#F3F3F3,#19161D,#18151C
http://i.imgur.com/lcEUZHv.jpg,#FFFFFF,#C6BCBF,#444A5A
https://i.redd.it/c5pk0vnpg3ty.jpg,#6E81CD,#6E81CE,#FEFEFE
https://i.redd.it/1nlgrn49x7ry.jpg,#0F0F0F,#101010,#13100D
https://i.redd.it/xae65ypfqycy.jpg,#F4F4F4,#C83A2E,#C24541
https://i.redd.it/s5viyluv421z.jpg,#F5EEDD,#F6EFDE,#7A522F
https://i.redd.it/guul6eld2soy.jpg,#6B7B94,#6D7D96,#807967
https://i.redd.it/fsuv32a1cc9y.jpg,#FFFFFF,#FEFEFE,#FDFDFD
https://i.redd.it/h5t3qddvvzry.jpg,#0E0E0E,#0D0D0D,#020202
https://i.redd.it/sn7ufk9fsv4z.jpg,#CCD1D7,#CBD0D6,#CACFD5
https://i.redd.it/ihczg3pmle3z.jpg,#B0B9A8,#AFB8A7,#A3AC9B
https://i.redd.it/s5viyluv421z.jpg,#F5EEDD,#F6EFDE,#7A522F
https://i.redd.it/sn7ufk9fsv4z.jpg,#CCD1D7,#CBD0D6,#CACFD5
https://i.redd.it/ax4eueu0szpy.jpg,#222739,#BCBAC9,#BCBAC7
http://i.imgur.com/puEqa4C.jpg,#908E9C,#928FA2,#92909E
http://i.imgur.com/tyDhTll.jpg,#070705,#050503,#060604
http://i.imgur.com/RycdbMO.jpg,#D6CAC0,#F2F9FF,#D2C6BC
https://i.redd.it/rubsfuf64lvy.jpg,#BBB4A2,#BCB5A3,#BAB3A1
http://i.imgur.com/sXhEQez.jpg,#FFFFFF,#000000,#FEFEFE
http://i.imgur.com/M3NOzLC.jpg,#FFFFFF,#93907D,#928F7C
https://i.redd.it/ru12lvaf7jyy.jpg,#9D9997,#9C9896,#9E9A98
https://i.redd.it/ax4eueu0szpy.jpg,#222739,#BCBAC9,#BCBAC7
https://i.redd.it/cpkq97klre4z.jpg,#777868,#767767,#B4B4A4
http://i.imgur.com/6pnYQUv.jpg,#181A1D,#191B1E,#17191C
https://i.redd.it/4m5yk8gjrtzy.jpg,#010101,#020001,#030001
https://i.redd.it/n9jq5j2tatcy.jpg,#F3FFFF,#F4FFFF,#F3FFFD
https://i.redd.it/fyqzavufvjwy.jpg,#DDB083,#FEFEFE,#DBAE81
https://i.redd.it/tb5pckm6e72y.jpg,#B8B6AB,#A0A19D,#A1A29E
https://i.redd.it/fyqzavufvjwy.jpg,#DDB083,#FEFEFE,#DBAE81
https://i.redd.it/cpkq97klre4z.jpg,#777868,#767767,#B4B4A4
https://i.redd.it/d8021b5i2moy.jpg,#FFFFFF,#010304,#020405
https://i.redd.it/c5pk0vnpg3ty.jpg,#6E81CD,#6E81CE,#FEFEFE
http://i.imgur.com/qvnjbVw.jpg,#A9ACB5,#A8ABB4,#AAADB6
https://i.redd.it/0qow2dksb34z.jpg,#FFFFFF,#A0CAEC,#FFFFFE
http://i.imgur.com/lcEUZHv.jpg,#FFFFFF,#C6BCBF,#444A5A
https://i.imgur.com/HRgRMOw.jpg,#A4A3A8,#408A59,#40895A
https://i.redd.it/guul6eld2soy.jpg,#6B7B94,#6D7D96,#807967
https://i.redd.it/ru12lvaf7jyy.jpg,#9D9997,#9C9896,#9E9A98
https://i.redd.it/tb5pckm6e72y.jpg,#B8B6AB,#A0A19D,#A1A29E
https://i.redd.it/cwljeujku33z.jpg,#E9E6DF,#E4E1DC,#EAE5DE
http://i.imgur.com/FApqk3D.jpg,#FFFFFF,#000000,#F3C300
https://i.redd.it/d8021b5i2moy.jpg,#FFFFFF,#010304,#020405
https://i.redd.it/n9jq5j2tatcy.jpg,#F3FFFF,#F4FFFF,#F3FFFD
http://i.imgur.com/RycdbMO.jpg,#D6CAC0,#F2F9FF,#D2C6BC
https://i.redd.it/d8021b5i2moy.jpg,#FFFFFF,#010304,#020405
http://i.imgur.com/pt9rmrv.jpg,#FFFFFF,#FCEBDB,#FBEADA
https://i.redd.it/rubsfuf64lvy.jpg,#BBB4A2,#BCB5A3,#BAB3A1
https://i.redd.it/0qow2dksb34z.jpg,#FFFFFF,#A0CAEC,#FFFFFE
http://i.imgur.com/FApqk3D.jpg,#FFFFFF,#000000,#F3C300
https://i.imgur.com/HRgRMOw.jpg,#A4A3A8,#408A59,#40895A
https://i.redd.it/w5q6gldnvcuy.jpg,#F3F3F3,#19161D,#18151C
https://i.redd.it/rubsfuf64lvy.jpg,#BBB4A2,#BCB5A3,#BAB3A1
http://i.imgur.com/6pnYQUv.jpg,#181A1D,#191B1E,#17191C
https://i.redd.it/ax4eueu0szpy.jpg,#222739,#BCBAC9,#BCBAC7
https://i.redd.it/cwljeujku33z.jpg,#E9E6DF,#E4E1DC,#EAE5DE
https://i.redd.it/0qow2dksb34z.jpg,#FFFFFF,#A0CAEC,#FFFFFE
https://i.redd.it/sn7ufk9fsv4z.jpg,#CCD1D7,#CBD0D6,#CACFD5
http://i.imgur.com/M3NOzLC.jpg,#FFFFFF,#93907D,#928F7C
https://i.redd.it/tb5pckm6e72y.jpg,#B8B6AB,#A0A19D,#A1A29E
https://i.redd.it/sn7ufk9fsv4z.jpg,#CCD1D7,#CBD0D6,#CACFD5
http://i.imgur.com/M3NOzLC.jpg,#FFFFFF,#93907D,#928F7C
https://i.redd.it/d8021b5i2moy.jpg,#FFFFFF,#010304,#020405
http://i.imgur.com/M3NOzLC.jpg,#FFFFFF,#93907D,#928F7C
https://i.redd.it/w5q6gldnvcuy.jpg,#F3F3F3,#19161D,#18151C
https://i.redd.it/cwljeujku33z.jpg,#E9E6DF,#E4E1DC,#EAE5DE
http://i.imgur.com/RycdbMO.jpg,#D6CAC0,#F2F9FF,#D2C6BC
https://i.redd.it/fyqzavufvjwy.jpg,#DDB083,#FEFEFE,#DBAE81
http://i.imgur.com/pt9rmrv.jpg,#FFFFFF,#FCEBDB,#FBEADA
https://i.redd.it/guul6eld2soy.jpg,#6B7B94,#6D7D96,#807967
https://i.imgur.com/HRgRMOw.jpg,#A4A3A8,#408A59,#40895A
https://i.redd.it/xae65ypfqycy.jpg,#F4F4F4,#C83A2E,#C24541
https://i.redd.it/xae65ypfqycy.jpg,#F4F4F4,#C83A2E,#C24541
http://i.imgur.com/pt9rmrv.jpg,#FFFFFF,#FCEBDB,#FBEADA
https://i.redd.it/w5q6gldnvcuy.jpg,#F3F3F3,#19161D,#18151C
https://i.redd.it/guul6eld2soy.jpg,#6B7B94,#6D7D96,#807967
http://i.imgur.com/M3NOzLC.jpg,#FFFFFF,#93907D,#928F7C
https://i.redd.it/sn7ufk9fsv4z.jpg,#CCD1D7,#CBD0D6,#CACFD5
https://i.redd.it/d8021b5i2moy.jpg,#FFFFFF,#010304,#020405
https://i.imgur.com/HRgRMOw.jpg,#A4A3A8,#408A59,#40895A
https://i.redd.it/xae65ypfqycy.jpg,#F4F4F4,#C83A2E,#C24541
http://i.imgur.com/M3NOzLC.jpg,#FFFFFF,#93907D,#928F7C
https://i.redd.it/0qow2dksb34z.jpg,#FFFFFF,#A0CAEC,#FFFFFE
https://i.redd.it/d8021b5i2moy.jpg,#FFFFFF,#010304,#020405
https://i.redd.it/d8021b5i2moy.jpg,#FFFFFF,#010304,#020405
https://i.redd.it/d8021b5i2moy.jpg,#FFFFFF,#010304,#020405
https://i.redd.it/guul6eld2soy.jpg,#6B7B94,#6D7D96,#807967
https://i.redd.it/sn7ufk9fsv4z.jpg,#CCD1D7,#CBD0D6,#CACFD5
http://i.imgur.com/M3NOzLC.jpg,#FFFFFF,#93907D,#928F7C
https://i.redd.it/0qow2dksb34z.jpg,#FFFFFF,#A0CAEC,#FFFFFE
https://i.imgur.com/HRgRMOw.jpg,#A4A3A8,#408A59,#40895A
http://i.imgur.com/M3NOzLC.jpg,#FFFFFF,#93907D,#928F7C
https://i.redd.it/0qow2dksb34z.jpg,#FFFFFF,#A0CAEC,#FFFFFE
https://i.redd.it/sn7ufk9fsv4z.jpg,#CCD1D7,#CBD0D6,#CACFD5
https://i.redd.it/d8021b5i2moy.jpg,#FFFFFF,#010304,#020405
https://i.redd.it/sn7ufk9fsv4z.jpg,#CCD1D7,#CBD0D6,#CACFD5
https://i.imgur.com/HRgRMOw.jpg,#A4A3A8,#408A59,#40895A
https://i.redd.it/d8021b5i2moy.jpg,#FFFFFF,#010304,#020405
http://i.imgur.com/Gh2I3pq.jpg,#CEB9A8,#C7B09E,#CFBAA9
http://i.imgur.com/M3NOzLC.jpg,#FFFFFF,#93907D,#928F7C
http://i.imgur.com/Gh2I3pq.jpg,#CEB9A8,#C7B09E,#CFBAA9
http://i.imgur.com/Gh2I3pq.jpg,#CEB9A8,#C7B09E,#CFBAA9
http://i.imgur.com/M3NOzLC.jpg,#FFFFFF,#93907D,#928F7C
http://i.imgur.com/Gh2I3pq.jpg,#CEB9A8,#C7B09E,#CFBAA9
http://i.imgur.com/Gh2I3pq.jpg,#CEB9A8,#C7B09E,#CFBAA9
http://i.imgur.com/Gh2I3pq.jpg,#CEB9A8,#C7B09E,#CFBAA9
http://i.imgur.com/M3NOzLC.jpg,#FFFFFF,#93907D,#928F7C
https://i.redd.it/d8021b5i2moy.jpg,#FFFFFF,#010304,#020405
https://i.redd.it/d8021b5i2moy.jpg,#FFFFFF,#010304,#020405
http://i.imgur.com/Gh2I3pq.jpg,#CEB9A8,#C7B09E,#CFBAA9
https://i.redd.it/d8021b5i2moy.jpg,#FFFFFF,#010304,#020405
http://i.imgur.com/Gh2I3pq.jpg,#CEB9A8,#C7B09E,#CFBAA9
http://i.imgur.com/Gh2I3pq.jpg,#CEB9A8,#C7B09E,#CFBAA9
http://i.imgur.com/Gh2I3pq.jpg,#CEB9A8,#C7B09E,#CFBAA9
https://i.redd.it/m4cfqp8wfv5z.jpg,#DADADC,#D1D1D1,#D0D0D0
https://i.redd.it/d8021b5i2moy.jpg,#FFFFFF,#010304,#020405
https://i.redd.it/m4cfqp8wfv5z.jpg,#DADADC,#D1D1D1,#D0D0D0
https://i.redd.it/m4cfqp8wfv5z.jpg,#DADADC,#D1D1D1,#D0D0D0
https://i.redd.it/m4cfqp8wfv5z.jpg,#DADADC,#D1D1D1,#D0D0D0
http://i.imgur.com/Gh2I3pq.jpg,#CEB9A8,#C7B09E,#CFBAA9
https://i.redd.it/m4cfqp8wfv5z.jpg,#DADADC,#D1D1D1,#D0D0D0
https://i.redd.it/m4cfqp8wfv5z.jpg,#DADADC,#D1D1D1,#D0D0D0
https://i.redd.it/m4cfqp8wfv5z.jpg,#DADADC,#D1D1D1,#D0D0D0
https://i.redd.it/m4cfqp8wfv5z.jpg,#DADADC,#D1D1D1,#D0D0D0
https://i.redd.it/m4cfqp8wfv5z.jpg,#DADADC,#D1D1D1,#D0D0D0
https://i.redd.it/m4cfqp8wfv5z.jpg,#DADADC,#D1D1D1,#D0D0D0
http://i.imgur.com/Gh2I3pq.jpg,#CEB9A8,#C7B09E,#CFBAA9
http://i.imgur.com/Gh2I3pq.jpg,#CEB9A8,#C7B09E,#CFBAA9
http://i.imgur.com/Gh2I3pq.jpg,#CEB9A8,#C7B09E,#CFBAA9
http://i.imgur.com/Gh2I3pq.jpg,#CEB9A8,#C7B09E,#CFBAA9
https://i.redd.it/m4cfqp8wfv5z.jpg,#DADADC,#D1D1D1,#D0D0D0
https://i.redd.it/m4cfqp8wfv5z.jpg,#DADADC,#D1D1D1,#D0D0D0
https://i.redd.it/7ofdqmp53bzy.jpg,#958A6E,#94896D,#93886C
http://i.imgur.com/Gh2I3pq.jpg,#CEB9A8,#C7B09E,#CFBAA9
https://i.redd.it/7ofdqmp53bzy.jpg,#958A6E,#94896D,#93886C
https://i.redd.it/7ofdqmp53bzy.jpg,#958A6E,#94896D,#93886C
https://i.redd.it/m4cfqp8wfv5z.jpg,#DADADC,#D1D1D1,#D0D0D0
https://i.redd.it/7ofdqmp53bzy.jpg,#958A6E,#94896D,#93886C
https://i.redd.it/lsuw4p2ncyny.jpg,#FFFFFF,#A77842,#FFFFFE
http://i.imgur.com/Gh2I3pq.jpg,#CEB9A8,#C7B09E,#CFBAA9
http://i.imgur.com/Gh2I3pq.jpg,#CEB9A8,#C7B09E,#CFBAA9
https://i.redd.it/m4cfqp8wfv5z.jpg,#DADADC,#D1D1D1,#D0D0D0
https://i.redd.it/7ofdqmp53bzy.jpg,#958A6E,#94896D,#93886C
https://i.redd.it/lsuw4p2ncyny.jpg,#FFFFFF,#A77842,#FFFFFE
https://i.redd.it/lsuw4p2ncyny.jpg,#FFFFFF,#A77842,#FFFFFE
https://i.redd.it/7ofdqmp53bzy.jpg,#958A6E,#94896D,#93886C
https://i.redd.it/7ofdqmp53bzy.jpg,#958A6E,#94896D,#93886C
https://i.redd.it/m4cfqp8wfv5z.jpg,#DADADC,#D1D1D1,#D0D0D0
https://i.redd.it/lsuw4p2ncyny.jpg,#FFFFFF,#A77842,#FFFFFE
https://i.redd.it/m4cfqp8wfv5z.jpg,#DADADC,#D1D1D1,#D0D0D0
http://i.imgur.com/Gh2I3pq.jpg,#CEB9A8,#C7B09E,#CFBAA9
https://i.redd.it/lsuw4p2ncyny.jpg,#FFFFFF,#A77842,#FFFFFE
https://i.redd.it/7ofdqmp53bzy.jpg,#958A6E,#94896D,#93886C
https://i.redd.it/ftd3sx5ah13z.jpg,#FDFFFF,#B44B2C,#B54B31
https://i.redd.it/7ofdqmp53bzy.jpg,#958A6E,#94896D,#93886C
https://i.redd.it/ftd3sx5ah13z.jpg,#FDFFFF,#B44B2C,#B54B31
https://i.redd.it/7ofdqmp53bzy.jpg,#958A6E,#94896D,#93886C
https://i.redd.it/ftd3sx5ah13z.jpg,#FDFFFF,#B44B2C,#B54B31
http://i.imgur.com/Gh2I3pq.jpg,#CEB9A8,#C7B09E,#CFBAA9
http://i.imgur.com/Gh2I3pq.jpg,#CEB9A8,#C7B09E,#CFBAA9
https://i.redd.it/m4cfqp8wfv5z.jpg,#DADADC,#D1D1D1,#D0D0D0
http://i.imgur.com/Gh2I3pq.jpg,#CEB9A8,#C7B09E,#CFBAA9
https://i.redd.it/ftd3sx5ah13z.jpg,#FDFFFF,#B44B2C,#B54B31
https://i.redd.it/lsuw4p2ncyny.jpg,#FFFFFF,#A77842,#FFFFFE
https://i.redd.it/m4cfqp8wfv5z.jpg,#DADADC,#D1D1D1,#D0D0D0
https://i.redd.it/7ofdqmp53bzy.jpg,#958A6E,#94896D,#93886C
https://i.redd.it/ftd3sx5ah13z.jpg,#FDFFFF,#B44B2C,#B54B31
https://i.redd.it/ftd3sx5ah13z.jpg,#FDFFFF,#B44B2C,#B54B31
https://i.redd.it/lsuw4p2ncyny.jpg,#FFFFFF,#A77842,#FFFFFE
https://i.redd.it/m4cfqp8wfv5z.jpg,#DADADC,#D1D1D1,#D0D0D0
https://i.redd.it/lsuw4p2ncyny.jpg,#FFFFFF,#A77842,#FFFFFE
https://i.redd.it/ftd3sx5ah13z.jpg,#FDFFFF,#B44B2C,#B54B31
https://i.redd.it/lsuw4p2ncyny.jpg,#FFFFFF,#A77842,#FFFFFE
https://i.redd.it/lsuw4p2ncyny.jpg,#FFFFFF,#A77842,#FFFFFE
http://i.imgur.com/Gh2I3pq.jpg,#CEB9A8,#C7B09E,#CFBAA9
https://i.redd.it/7ofdqmp53bzy.jpg,#958A6E,#94896D,#93886C
https://i.redd.it/lsuw4p2ncyny.jpg,#FFFFFF,#A77842,#FFFFFE
https://i.redd.it/lsuw4p2ncyny.jpg,#FFFFFF,#A77842,#FFFFFE
https://i.redd.it/ftd3sx5ah13z.jpg,#FDFFFF,#B44B2C,#B54B31
https://i.redd.it/7ofdqmp53bzy.jpg,#958A6E,#94896D,#93886C
https://i.redd.it/7ofdqmp53bzy.jpg,#958A6E,#94896D,#93886C
https://i.redd.it/7ofdqmp53bzy.jpg,#958A6E,#94896D,#93886C
https://i.redd.it/ftd3sx5ah13z.jpg,#FDFFFF,#B44B2C,#B54B31
https://i.redd.it/lsuw4p2ncyny.jpg,#FFFFFF,#A77842,#FFFFFE
https://i.redd.it/ftd3sx5ah13z.jpg,#FDFFFF,#B44B2C,#B54B31
https://i.redd.it/m4cfqp8wfv5z.jpg,#DADADC,#D1D1D1,#D0D0D0
https://i.redd.it/ftd3sx5ah13z.jpg,#FDFFFF,#B44B2C,#B54B31
http://i.imgur.com/Gh2I3pq.jpg,#CEB9A8,#C7B09E,#CFBAA9
http://i.imgur.com/Gh2I3pq.jpg,#CEB9A8,#C7B09E,#CFBAA9
https://i.redd.it/lsuw4p2ncyny.jpg,#FFFFFF,#A77842,#FFFFFE
https://i.redd.it/ftd3sx5ah13z.jpg,#FDFFFF,#B44B2C,#B54B31
https://i.redd.it/m4cfqp8wfv5z.jpg,#DADADC,#D1D1D1,#D0D0D0
https://i.redd.it/ftd3sx5ah13z.jpg,#FDFFFF,#B44B2C,#B54B31
https://i.redd.it/lsuw4p2ncyny.jpg,#FFFFFF,#A77842,#FFFFFE
https://i.redd.it/7ofdqmp53bzy.jpg,#958A6E,#94896D,#93886C
https://i.redd.it/ftd3sx5ah13z.jpg,#FDFFFF,#B44B2C,#B54B31
https://i.redd.it/7ofdqmp53bzy.jpg,#958A6E,#94896D,#93886C
https://i.redd.it/lsuw4p2ncyny.jpg,#FFFFFF,#A77842,#FFFFFE
https://i.redd.it/m4cfqp8wfv5z.jpg,#DADADC,#D1D1D1,#D0D0D0
https://i.redd.it/m4cfqp8wfv5z.jpg,#DADADC,#D1D1D1,#D0D0D0
https://i.redd.it/7ofdqmp53bzy.jpg,#958A6E,#94896D,#93886C
https://i.redd.it/m4cfqp8wfv5z.jpg,#DADADC,#D1D1D1,#D0D0D0
https://i.redd.it/lsuw4p2ncyny.jpg,#FFFFFF,#A77842,#FFFFFE
https://i.redd.it/ftd3sx5ah13z.jpg,#FDFFFF,#B44B2C,#B54B31
https://i.redd.it/m4cfqp8wfv5z.jpg,#DADADC,#D1D1D1,#D0D0D0
https://i.redd.it/ftd3sx5ah13z.jpg,#FDFFFF,#B44B2C,#B54B31
https://i.redd.it/7ofdqmp53bzy.jpg,#958A6E,#94896D,#93886C
https://i.redd.it/ftd3sx5ah13z.jpg,#FDFFFF,#B44B2C,#B54B31
https://i.redd.it/7ofdqmp53bzy.jpg,#958A6E,#94896D,#93886C
https://i.redd.it/7ofdqmp53bzy.jpg,#958A6E,#94896D,#93886C
https://i.redd.it/lsuw4p2ncyny.jpg,#FFFFFF,#A77842,#FFFFFE
https://i.redd.it/ftd3sx5ah13z.jpg,#FDFFFF,#B44B2C,#B54B31
https://i.redd.it/ftd3sx5ah13z.jpg,#FDFFFF,#B44B2C,#B54B31
https://i.redd.it/ftd3sx5ah13z.jpg,#FDFFFF,#B44B2C,#B54B31
https://i.redd.it/7ofdqmp53bzy.jpg,#958A6E,#94896D,#93886C
https://i.redd.it/lsuw4p2ncyny.jpg,#FFFFFF,#A77842,#FFFFFE
https://i.redd.it/lsuw4p2ncyny.jpg,#FFFFFF,#A77842,#FFFFFE
https://i.redd.it/7ofdqmp53bzy.jpg,#958A6E,#94896D,#93886C
https://i.redd.it/7ofdqmp53bzy.jpg,#958A6E,#94896D,#93886C
https://i.redd.it/lsuw4p2ncyny.jpg,#FFFFFF,#A77842,#FFFFFE
https://i.redd.it/lsuw4p2ncyny.jpg,#FFFFFF,#A77842,#FFFFFE
https://i.redd.it/ftd3sx5ah13z.jpg,#FDFFFF,#B44B2C,#B54B31
https://i.redd.it/ftd3sx5ah13z.jpg,#FDFFFF,#B44B2C,#B54B31
https://i.redd.it/lsuw4p2ncyny.jpg,#FFFFFF,#A77842,#FFFFFE
https://i.redd.it/lsuw4p2ncyny.jpg,#FFFFFF,#A77842,#FFFFFE
https://i.redd.it/ftd3sx5ah13z.jpg,#FDFFFF,#B44B2C,#B54B31
https://i.redd.it/ftd3sx5ah13z.jpg,#FDFFFF,#B44B2C,#B54B31
https://i.redd.it/lsuw4p2ncyny.jpg,#FFFFFF,#A77842,#FFFFFE
https://i.redd.it/ftd3sx5ah13z.jpg,#FDFFFF,#B44B2C,#B54B31
https://i.redd.it/7ofdqmp53bzy.jpg,#958A6E,#94896D,#93886C
http://i.imgur.com/enhDnTM.jpg,#FFFFFF,#000000,#C7E5EF
http://i.imgur.com/enhDnTM.jpg,#FFFFFF,#000000,#C7E5EF
http://i.imgur.com/enhDnTM.jpg,#FFFFFF,#000000,#C7E5EF
http://i.imgur.com/enhDnTM.jpg,#FFFFFF,#000000,#C7E5EF
http://i.imgur.com/enhDnTM.jpg,#FFFFFF,#000000,#C7E5EF
http://i.imgur.com/enhDnTM.jpg,#FFFFFF,#000000,#C7E5EF
http://i.imgur.com/enhDnTM.jpg,#FFFFFF,#000000,#C7E5EF
http://i.imgur.com/enhDnTM.jpg,#FFFFFF,#000000,#C7E5EF
http://i.imgur.com/enhDnTM.jpg,#FFFFFF,#000000,#C7E5EF
http://i.imgur.com/enhDnTM.jpg,#FFFFFF,#000000,#C7E5EF
http://i.imgur.com/enhDnTM.jpg,#FFFFFF,#000000,#C7E5EF
http://i.imgur.com/enhDnTM.jpg,#FFFFFF,#000000,#C7E5EF
http://i.imgur.com/enhDnTM.jpg,#FFFFFF,#000000,#C7E5EF
http://i.imgur.com/enhDnTM.jpg,#FFFFFF,#000000,#C7E5EF
http://i.imgur.com/enhDnTM.jpg,#FFFFFF,#000000,#C7E5EF
http://i.imgur.com/enhDnTM.jpg,#FFFFFF,#000000,#C7E5EF
http://i.imgur.com/enhDnTM.jpg,#FFFFFF,#000000,#C7E5EF
http://i.imgur.com/enhDnTM.jpg,#FFFFFF,#000000,#C7E5EF
http://i.imgur.com/enhDnTM.jpg,#FFFFFF,#000000,#C7E5EF
http://i.imgur.com/enhDnTM.jpg,#FFFFFF,#000000,#C7E5EF
http://i.imgur.com/enhDnTM.jpg,#FFFFFF,#000000,#C7E5EF
http://i.imgur.com/enhDnTM.jpg,#FFFFFF,#000000,#C7E5EF
http://i.imgur.com/enhDnTM.jpg,#FFFFFF,#000000,#C7E5EF
http://i.imgur.com/enhDnTM.jpg,#FFFFFF,#000000,#C7E5EF
http://i.imgur.com/enhDnTM.jpg,#FFFFFF,#000000,#C7E5EF
